section,author,title,page
I. Early Years of the Nation,Philip Freneau,Eutaw Springs,3
I. Early Years of the Nation,Philip Freneau,"Epitaph - From ""The Fading Rose""",3
I. Early Years of the Nation,Philip Freneau,"Song of Thyrsis - In ""Female Frailty""",3
I. Early Years of the Nation,Philip Freneau,The Wild Honeysuckle,4
I. Early Years of the Nation,Philip Freneau,The Indian Burying-Ground,4
I. Early Years of the Nation,Philip Freneau,"Death's Epitaph - From ""The House of Night""",5
I. Early Years of the Nation,Philip Freneau,The Parting Glass,5
I. Early Years of the Nation,Philip Freneau,On the Ruins of a Country Inn,5
I. Early Years of the Nation,Philip Freneau,On a Travelling Speculator,6
I. Early Years of the Nation,Philip Freneau,The Scurrilous Scribe,6
I. Early Years of the Nation,Philip Freneau,To a Caty-Did,7
I. Early Years of the Nation,Philip Freneau,To a Honey Bee,7
I. Early Years of the Nation,Philip Freneau,Plato to Theon,8
I. Early Years of the Nation,Author Unfound,The Yankee Man-of-War,8
I. Early Years of the Nation,Timothy Dwight,The Smooth Divine,9
I. Early Years of the Nation,Timothy Dwight,Love to the Church,10
I. Early Years of the Nation,St. George Tucker,Days of my Youth,10
I. Early Years of the Nation,St. John Honeywood,Darby and Joan,11
I. Early Years of the Nation,Alexander Wilson,The Fisherman's Hymn,12
I. Early Years of the Nation,Alexander Wilson,The Blue-Bird,12
I. Early Years of the Nation,John Quincy Adams,To Sally,13
I. Early Years of the Nation,John Quincy Adams,The Lip and the Heart,13
I. Early Years of the Nation,Joseph Hopkinson,Hail Columbia,14
I. Early Years of the Nation,John Shaw,Song,14
I. Early Years of the Nation,John Shaw,Sleighing Song,15
I. Early Years of the Nation,Clement Clarke Moore,A Visit from St. Nicholas,15
I. Early Years of the Nation,Francis Scott Key,The Star-Spangled Banner,16
I. Early Years of the Nation,James Kirke Paulding,The Old Man's Carousal,17
I. Early Years of the Nation,Washington Allston,America to Great Britain,18
I. Early Years of the Nation,Washington Allston,Rosalie,18
I. Early Years of the Nation,Washington Allston,On the Late S. T. Coleridge,18
I. Early Years of the Nation,Thomas Hastings,The Latter Day,19
I. Early Years of the Nation,Thomas Hastings,In Sorrow,19
I. Early Years of the Nation,Thomas Hastings,Exhortation,19
I. Early Years of the Nation,Samuel Woodworth,The Bucket,20
I. Early Years of the Nation,Samuel Woodworth,Loves she like me?,20
I. Early Years of the Nation,Richard Henry Dana,The Little Beach-Bird,21
I. Early Years of the Nation,Richard Henry Dana,Immortality,21
I. Early Years of the Nation,Richard Henry Dana,The Chanting Cherubs - A Group by Greenough,22
I. Early Years of the Nation,Richard Henry Dana,The Moss supplicateth for the Poet,22
I. Early Years of the Nation,Sarah Josepha Hale,Alice Ray,23
I. Early Years of the Nation,Sarah Josepha Hale,The Watcher,24
I. Early Years of the Nation,James Abraham Hillhouse,"The Demon-Lover - From ""Hadad""",24
I. Early Years of the Nation,Richard Henry Wilde,Stanzas,27
I. Early Years of the Nation,Richard Henry Wilde,A Farewell to America,27
I. Early Years of the Nation,Richard Henry Wilde,To the Mocking-Bird,27
I. Early Years of the Nation - Additional Selections,William Martin Johnson,On Snow-Flakes melting on his Lady's Breast,28
I. Early Years of the Nation - Additional Selections,Daniel Webster,On the Death of my Son Charles,28
I. Early Years of the Nation - Additional Selections,Phoebe Hinsdale Brown,Private Devotion,28
I. Early Years of the Nation - Additional Selections,Andrews Norton,Hymn for the Dedication of a Church,29
I. Early Years of the Nation - Additional Selections,Emma Hart Willard,Rocked in the Cradle of the Deep,29
I. Early Years of the Nation - Additional Selections,Lavinia Stoddard,The Scout's Defiance,29
I. Early Years of the Nation - Additional Selections,Hannah Flagg Gould,A Name in the Sand,30
I. Early Years of the Nation - Additional Selections,James Fenimore Cooper,My Brigantine,30
II. First Lyrical Period - Division I,John Pierpont,The Fugitive Slave's Apostrophe to the North Star,33
II. First Lyrical Period - Division I,John Pierpont,Warren's Address to the American Soldiers,34
II. First Lyrical Period - Division I,John Pierpont,The Ballot,34
II. First Lyrical Period - Division I,John Pierpont,The Exile at Rest,34
II. First Lyrical Period - Division I,John Pierpont,The Pilgrim Fathers,35
II. First Lyrical Period - Division I,John Pierpont,My Child,35
II. First Lyrical Period - Division I,Fitz-Greene Halleck,Marco Bozzaris,36
II. First Lyrical Period - Division I,Fitz-Greene Halleck,On the Death of Joseph Rodman Drake,37
II. First Lyrical Period - Division I,Fitz-Greene Halleck,Alnwick Castle,37
II. First Lyrical Period - Division I,Fitz-Greene Halleck,Burns,39
II. First Lyrical Period - Division I,Fitz-Greene Halleck,Red Jacket,40
II. First Lyrical Period - Division I,Joseph Rodman Drake,"From ""The Culprit Fay"": The Fay's Sentence",42
II. First Lyrical Period - Division I,Joseph Rodman Drake,"From ""The Culprit Fay"": The First Quest",43
II. First Lyrical Period - Division I,Joseph Rodman Drake,"From ""The Culprit Fay"": The Second Quest",44
II. First Lyrical Period - Division I,Joseph Rodman Drake,"From ""The Culprit Fay"": Elfin Song",45
II. First Lyrical Period - Division I,Joseph Rodman Drake,The American Flag,46
II. First Lyrical Period - Division I,Joseph Rodman Drake,"""The Croakers"": The National Paintings - Colonel Trumbull's ""The Declaration of Independence""",46
II. First Lyrical Period - Division I,Joseph Rodman Drake,"""The Croakers"": The Man who frets at Worldly Strife",47
II. First Lyrical Period - Division I,Halleck and Drake,"""The Croakers"": Ode to Fortune",47
II. First Lyrical Period - Division I,Lydia Huntley Sigourney,Columbus,47
II. First Lyrical Period - Division I,Lydia Huntley Sigourney,The Indian's Welcome to the Pilgrim Fathers,48
II. First Lyrical Period - Division I,Lydia Huntley Sigourney,The Return of Napoleon from St. Helena,48
II. First Lyrical Period - Division I,Charles Sprague,"From ""Curiosity"": The News",50
II. First Lyrical Period - Division I,Charles Sprague,"From ""Curiosity"": Fiction",50
II. First Lyrical Period - Division I,Charles Sprague,The Winged Worshippers,51
II. First Lyrical Period - Division I,Charles Sprague,The Brothers,51
II. First Lyrical Period - Division I,John Neal,Men of the North,52
II. First Lyrical Period - Division I,John Neal,Music of the Night,52
II. First Lyrical Period - Division I,William Cullen Bryant,Thanatopsis,53
II. First Lyrical Period - Division I,William Cullen Bryant,To a Waterfowl,54
II. First Lyrical Period - Division I,William Cullen Bryant,"""O Fairest of the Rural Maids""",54
II. First Lyrical Period - Division I,William Cullen Bryant,A Forest Hymn,55
II. First Lyrical Period - Division I,William Cullen Bryant,June,56
II. First Lyrical Period - Division I,William Cullen Bryant,The Death of the Flowers,57
II. First Lyrical Period - Division I,William Cullen Bryant,The Past,57
II. First Lyrical Period - Division I,William Cullen Bryant,The Evening Wind,58
II. First Lyrical Period - Division I,William Cullen Bryant,To the Fringed Gentian,59
II. First Lyrical Period - Division I,William Cullen Bryant,The Hunter of the Prairies,59
II. First Lyrical Period - Division I,William Cullen Bryant,The Battle-Field,60
II. First Lyrical Period - Division I,William Cullen Bryant,"From ""An Evening Revery""",60
II. First Lyrical Period - Division I,William Cullen Bryant,The Antiquity of Freedom,61
II. First Lyrical Period - Division I,William Cullen Bryant,America,62
II. First Lyrical Period - Division I,William Cullen Bryant,The Planting of the Apple-Tree,62
II. First Lyrical Period - Division I,William Cullen Bryant,"""The May Sun sheds an Amber Light""",63
II. First Lyrical Period - Division I,William Cullen Bryant,The Conqueror's Grave,63
II. First Lyrical Period - Division I,William Cullen Bryant,The Poet,64
II. First Lyrical Period - Division I,William Cullen Bryant,My Autumn Walk,65
II. First Lyrical Period - Division I,William Cullen Bryant,The Death of Slavery,66
II. First Lyrical Period - Division I,William Cullen Bryant,In Memory of John Lothrop Motley,67
II. First Lyrical Period - Division I,William Cullen Bryant,The Flood of Years,67
II. First Lyrical Period - Division I,James Gates Percival,Elegiac,70
II. First Lyrical Period - Division I,James Gates Percival,The Coral Grove,70
II. First Lyrical Period - Division I,James Gates Percival,New England,70
II. First Lyrical Period - Division I,Maria Gowen Brooks,"From ""Zophiel"": Palace of the Gnomes",71
II. First Lyrical Period - Division I,Maria Gowen Brooks,"From ""Zophiel"": The Respite",72
II. First Lyrical Period - Division I,Maria Gowen Brooks,Song of Egla,73
II. First Lyrical Period - Division I,Maria Gowen Brooks,Farewell to Cuba,73
II. First Lyrical Period - Division I,William Augustus Muhlenberg,I would not live Alway,74
II. First Lyrical Period - Division I,William Augustus Muhlenberg,Heaven's Magnificence,75
II. First Lyrical Period - Division I,John Gardiner Calkins Brainard,"Mr. Merry's Lament for ""Long Tom""",75
II. First Lyrical Period - Division I,John Gardiner Calkins Brainard,The Deep,75
II. First Lyrical Period - Division I,John Gardiner Calkins Brainard,Epithalamium,76
II. First Lyrical Period - Division I,George Washington Doane,Evening,76
II. First Lyrical Period - Division I,George Washington Doane,Robin Redbreast,76
II. First Lyrical Period - Division I,William Bourne Oliver Peabody,Lament of Anastasius,76
II. First Lyrical Period - Division I,Amos Bronson Alcott,Channing,77
II. First Lyrical Period - Division I,Amos Bronson Alcott,Emerson,77
II. First Lyrical Period - Division I,Amos Bronson Alcott,Margaret Fuller,78
II. First Lyrical Period - Division I,Amos Bronson Alcott,Thoreau,78
II. First Lyrical Period - Division I,Amos Bronson Alcott,Hawthorne,78
II. First Lyrical Period - Division I,Amos Bronson Alcott,Bartol,78
II. First Lyrical Period - Division I,Amos Bronson Alcott,Wendell Phillips,79
II. First Lyrical Period - Division I,Amos Bronson Alcott,Garrison,79
II. First Lyrical Period - Division I,Theodore Dwight Woolsey,The Eclipse of Faith,79
II. First Lyrical Period - Division I,Albert Gorton Greene,The Baron's Last Banquet,80
II. First Lyrical Period - Division I,Edward Coate Pinkney,A Health,81
II. First Lyrical Period - Division I,Edward Coate Pinkney,Song,81
II. First Lyrical Period - Division I,Edward Coate Pinkney,A Serenade,82
II. First Lyrical Period - Division I,Edward Coate Pinkney,Votive Song,82
II. First Lyrical Period - Division I,George Pope Morris,"Woodman, spare that Tree!",82
II. First Lyrical Period - Division I,George Pope Morris,We were Boys together,82
II. First Lyrical Period - Division I,George Pope Morris,Near the Lake,83
II. First Lyrical Period - Division I,George Pope Morris,My Mother's Bible,83
II. First Lyrical Period - Division I,George Pope Morris,Where Hudson's Wave,83
II. First Lyrical Period - Division I,George Pope Morris,Jeannie Marsh,84
II. First Lyrical Period - Division I,George Denison Prentice,Memories,84
II. First Lyrical Period - Division I,George Denison Prentice,New England,84
II. First Lyrical Period - Division I - Additional Selections,John Howard Payne,"Home, Sweet Home!",85
II. First Lyrical Period - Division I - Additional Selections,Margaret Mercer,Exhortation to Prayer,85
II. First Lyrical Period - Division I - Additional Selections,Augustus Lucas Hillhouse,Forgiveness of Sins a Joy unknown to Angels,86
II. First Lyrical Period - Division I - Additional Selections,Nathaniel Langdon Frothingham,The Crossed Swords,86
II. First Lyrical Period - Division I - Additional Selections,Samuel Griswold Goodrich,Lake Superior,87
II. First Lyrical Period - Division I - Additional Selections,William Bingham Tappan,The Hour of Peaceful Rest,87
II. First Lyrical Period - Division I - Additional Selections,George Hill,Song of the Elfin Steersman,88
II. First Lyrical Period - Division I - Additional Selections,Mirabeau Bonaparte Lamar,The Daughter of Mendoza,88
II. First Lyrical Period - Division I - Additional Selections,Robert Charles Sands,The Green Isle of Lovers,89
II. First Lyrical Period - Division I - Additional Selections,Grenville Mellen,"""The Lonely Bugle grieves""",89
II. First Lyrical Period - Division I - Additional Selections,Lydia Maria Child,The World I am passing through,89
II. First Lyrical Period - Division I - Additional Selections,William Henry Furness,Evening Hymn,90
II. First Lyrical Period - Division II,Ralph Waldo Emerson,Each and All,90
II. First Lyrical Period - Division II,Ralph Waldo Emerson,The Problem,91
II. First Lyrical Period - Division II,Ralph Waldo Emerson,The Rhodora,92
II. First Lyrical Period - Division II,Ralph Waldo Emerson,The Humble-Bee,92
II. First Lyrical Period - Division II,Ralph Waldo Emerson,The Snow-Storm,93
II. First Lyrical Period - Division II,Ralph Waldo Emerson,Forerunners,93
II. First Lyrical Period - Division II,Ralph Waldo Emerson,Brahma,93
II. First Lyrical Period - Division II,Ralph Waldo Emerson,Forbearance,94
II. First Lyrical Period - Division II,Ralph Waldo Emerson,Character,94
II. First Lyrical Period - Division II,Ralph Waldo Emerson,Merlin,94
II. First Lyrical Period - Division II,Ralph Waldo Emerson,"From ""Woodnotes"": ""The Heart of all the Scene""",95
II. First Lyrical Period - Division II,Ralph Waldo Emerson,"From ""Woodnotes"": ""The Undersong""",95
II. First Lyrical Period - Division II,Ralph Waldo Emerson,"From ""Woodnotes"": ""The Mighty Heart""",96
II. First Lyrical Period - Division II,Ralph Waldo Emerson,Days,96
II. First Lyrical Period - Division II,Ralph Waldo Emerson,The Earth,97
II. First Lyrical Period - Division II,Ralph Waldo Emerson,Waves,97
II. First Lyrical Period - Division II,Ralph Waldo Emerson,Terminus,97
II. First Lyrical Period - Division II,Ralph Waldo Emerson,Threnody,97
II. First Lyrical Period - Division II,Ralph Waldo Emerson,Concord Hymn,100
II. First Lyrical Period - Division II,Ralph Waldo Emerson,Ode,100
II. First Lyrical Period - Division II,Ralph Waldo Emerson,The Test,101
II. First Lyrical Period - Division II,Sarah Helen Whitman,Sonnets (from the series relating to Edgar Allan Poe),101
II. First Lyrical Period - Division II,William Lloyd Garrison,Liberty for All,102
II. First Lyrical Period - Division II,William Lloyd Garrison,Freedom for the Mind,102
II. First Lyrical Period - Division II,Nathaniel Parker Willis,Parrhasius,102
II. First Lyrical Period - Division II,Nathaniel Parker Willis,Unseen Spirits,105
II. First Lyrical Period - Division II,Nathaniel Parker Willis,The Torn Hat,105
II. First Lyrical Period - Division II,Nathaniel Parker Willis,To Giulia Grisi,106
II. First Lyrical Period - Division II,William Gilmore Simms,The Swamp Fox,106
II. First Lyrical Period - Division II,William Gilmore Simms,The Lost Pleiad,107
II. First Lyrical Period - Division II,William Gilmore Simms,The Decay of a People,107
II. First Lyrical Period - Division II,William Gilmore Simms,Song in March,107
II. First Lyrical Period - Division II,Ralph Hoyt,Old,108
II. First Lyrical Period - Division II,Charles Fenno Hoffman,Sparkling and Bright,110
II. First Lyrical Period - Division II,Charles Fenno Hoffman,Monterey,110
II. First Lyrical Period - Division II,Charles Fenno Hoffman,The Mint Julep,111
II. First Lyrical Period - Division II,Henry Wadsworth Longfellow,Hymn to the Night,111
II. First Lyrical Period - Division II,Henry Wadsworth Longfellow,A Psalm of Life,112
II. First Lyrical Period - Division II,Henry Wadsworth Longfellow,The Skeleton in Armor,112
II. First Lyrical Period - Division II,Henry Wadsworth Longfellow,The Village Blacksmith,114
II. First Lyrical Period - Division II,Henry Wadsworth Longfellow,Endymion,114
II. First Lyrical Period - Division II,Henry Wadsworth Longfellow,"Serenade from ""The Spanish Student""",115
II. First Lyrical Period - Division II,Henry Wadsworth Longfellow,The Arrow and the Song,115
II. First Lyrical Period - Division II,Henry Wadsworth Longfellow,Dante,115
II. First Lyrical Period - Division II,Henry Wadsworth Longfellow,Curfew,116
II. First Lyrical Period - Division II,Henry Wadsworth Longfellow,"From ""Evangeline"": Evangeline in Acadie",116
II. First Lyrical Period - Division II,Henry Wadsworth Longfellow,"From ""Evangeline"": On the Atchafalaya",117
II. First Lyrical Period - Division II,Henry Wadsworth Longfellow,"From ""Evangeline"": The Finding of Gabriel",118
II. First Lyrical Period - Division II,Henry Wadsworth Longfellow,"From ""The Building of the Ship"": The Republic",119
II. First Lyrical Period - Division II,Henry Wadsworth Longfellow,"From ""The Song of Hiawatha"": The Death of Minnehaha",119
II. First Lyrical Period - Division II,Henry Wadsworth Longfellow,The Warden of the Cinque Ports,120
II. First Lyrical Period - Division II,Henry Wadsworth Longfellow,My Lost Youth,121
II. First Lyrical Period - Division II,Henry Wadsworth Longfellow,The Children's Hour,122
II. First Lyrical Period - Division II,Henry Wadsworth Longfellow,The Cumberland,123
II. First Lyrical Period - Division II,Henry Wadsworth Longfellow,The Bells of Lynn,123
II. First Lyrical Period - Division II,Henry Wadsworth Longfellow,Chaucer,124
II. First Lyrical Period - Division II,Henry Wadsworth Longfellow,Milton,124
II. First Lyrical Period - Division II,Henry Wadsworth Longfellow,Nature,124
II. First Lyrical Period - Division II,Henry Wadsworth Longfellow,Wapentake - To Alfred Tennyson,124
II. First Lyrical Period - Division II,Henry Wadsworth Longfellow,A Ballad of the French Fleet,125
II. First Lyrical Period - Division II,Henry Wadsworth Longfellow,Jugurtha,125
II. First Lyrical Period - Division II,Henry Wadsworth Longfellow,"The Tide rises, the Tide falls",125
II. First Lyrical Period - Division II,Henry Wadsworth Longfellow,My Books,126
II. First Lyrical Period - Division II,Elizabeth Oakes Smith,"From ""The Sinless Child""",126
II. First Lyrical Period - Division II,Elizabeth Oakes Smith,The Drowned Mariner,127
II. First Lyrical Period - Division II,John Greenleaf Whittier,Proem,128
II. First Lyrical Period - Division II,John Greenleaf Whittier,The Farewell,128
II. First Lyrical Period - Division II,John Greenleaf Whittier,Ichabod,129
II. First Lyrical Period - Division II,John Greenleaf Whittier,Astraea,130
II. First Lyrical Period - Division II,John Greenleaf Whittier,The Barefoot Boy,130
II. First Lyrical Period - Division II,John Greenleaf Whittier,Maud Muller,131
II. First Lyrical Period - Division II,John Greenleaf Whittier,Skipper Ireson's Ride,133
II. First Lyrical Period - Division II,John Greenleaf Whittier,The Swan Song of Parson Avery,134
II. First Lyrical Period - Division II,John Greenleaf Whittier,The Vanishers,135
II. First Lyrical Period - Division II,John Greenleaf Whittier,The Eternal Goodness,135
II. First Lyrical Period - Division II,John Greenleaf Whittier,"From ""Snow-Bound"": The World Transformed",137
II. First Lyrical Period - Division II,John Greenleaf Whittier,"From ""Snow-Bound"": Firelight",137
II. First Lyrical Period - Division II,John Greenleaf Whittier,"From ""Snow-Bound"": Mother",137
II. First Lyrical Period - Division II,John Greenleaf Whittier,"From ""Snow-Bound"": Sister",138
II. First Lyrical Period - Division II,John Greenleaf Whittier,"From ""Snow-Bound"": Prophetess",138
II. First Lyrical Period - Division II,John Greenleaf Whittier,In School-Days,139
II. First Lyrical Period - Division II,John Greenleaf Whittier,The Two Angels,139
II. First Lyrical Period - Division II,John Greenleaf Whittier,Centennial Hymn,140
II. First Lyrical Period - Division II,John Greenleaf Whittier,"In the ""Old South""",140
II. First Lyrical Period - Division II,John Greenleaf Whittier,Mulford,141
II. First Lyrical Period - Division II,John Greenleaf Whittier,An Autograph,141
II. First Lyrical Period - Division II,William Davis Gallagher,The Cardinal Bird,142
II. First Lyrical Period - Division II,William Davis Gallagher,Autumn in the West,143
II. First Lyrical Period - Division II,Edgar Allan Poe,To Helen,144
II. First Lyrical Period - Division II,Edgar Allan Poe,The Raven,144
II. First Lyrical Period - Division II,Edgar Allan Poe,The Sleeper,146
II. First Lyrical Period - Division II,Edgar Allan Poe,Lenore,147
II. First Lyrical Period - Division II,Edgar Allan Poe,To One in Paradise,147
II. First Lyrical Period - Division II,Edgar Allan Poe,The City in the Sea,147
II. First Lyrical Period - Division II,Edgar Allan Poe,Israfel,148
II. First Lyrical Period - Division II,Edgar Allan Poe,The Haunted Palace,149
II. First Lyrical Period - Division II,Edgar Allan Poe,The Conqueror Worm,149
II. First Lyrical Period - Division II,Edgar Allan Poe,The Bells,150
II. First Lyrical Period - Division II,Edgar Allan Poe,Annabel Lee,151
II. First Lyrical Period - Division II,Edgar Allan Poe,Ulalume,151
II. First Lyrical Period - Division II,Samuel Francis Smith,America,153
II. First Lyrical Period - Division II,Ray Palmer,Faith,153
II. First Lyrical Period - Division II,Oliver Wendell Holmes,Old Ironsides,153
II. First Lyrical Period - Division II,Oliver Wendell Holmes,The Last Leaf,154
II. First Lyrical Period - Division II,Oliver Wendell Holmes,The Height of the Ridiculous,154
II. First Lyrical Period - Division II,Oliver Wendell Holmes,La Grisette,155
II. First Lyrical Period - Division II,Oliver Wendell Holmes,On Lending a Punch-Bowl,155
II. First Lyrical Period - Division II,Oliver Wendell Holmes,After a Lecture on Keats,156
II. First Lyrical Period - Division II,Oliver Wendell Holmes,The Voiceless,157
II. First Lyrical Period - Division II,Oliver Wendell Holmes,The Living Temple,157
II. First Lyrical Period - Division II,Oliver Wendell Holmes,The Chambered Nautilus,158
II. First Lyrical Period - Division II,Oliver Wendell Holmes,Bill and Joe,158
II. First Lyrical Period - Division II,Oliver Wendell Holmes,Under the Violets,159
II. First Lyrical Period - Division II,Oliver Wendell Holmes,Hymn of Trust,159
II. First Lyrical Period - Division II,Oliver Wendell Holmes,Epilogue to the Breakfast-Table Series,159
II. First Lyrical Period - Division II,Oliver Wendell Holmes,Dorothy Q.,160
II. First Lyrical Period - Division II,Oliver Wendell Holmes,Cacoethes Scribendi,161
II. First Lyrical Period - Division II,Oliver Wendell Holmes,The Strong Heroic Line,161
II. First Lyrical Period - Division II,Oliver Wendell Holmes,"From ""The Iron Gate""",162
II. First Lyrical Period - Division II,Frances Anne Kemble,Lament of a Mocking-Bird,163
II. First Lyrical Period - Division II,Albert Pike,To the Mocking-Bird,163
II. First Lyrical Period - Division II,Albert Pike,The Widowed Heart,164
II. First Lyrical Period - Division II,Albert Pike,Dixie,165
II. First Lyrical Period - Division II,Theodore Parker,The Higher Good,166
II. First Lyrical Period - Division II,Theodore Parker,Jesus,166
II. First Lyrical Period - Division II,Elizabeth Clementine Kinney,To the Boy who goes Singing,167
II. First Lyrical Period - Division II,Elizabeth Clementine Kinney,The Quakeress Bride,167
II. First Lyrical Period - Division II,Elizabeth Clementine Kinney,The Blind Psalmist,168
II. First Lyrical Period - Division II,Elizabeth Clementine Kinney,A Dream,168
II. First Lyrical Period - Division II,Elizabeth Clementine Kinney,Moonlight in Italy,169
II. First Lyrical Period - Division II,Frances Sargent Osgood,To Sleep,169
II. First Lyrical Period - Division II,Frances Sargent Osgood,A Dancing Girl,169
II. First Lyrical Period - Division II,Frances Sargent Osgood,On Sivori's Violin,170
II. First Lyrical Period - Division II,Frances Sargent Osgood,Calumny,170
II. First Lyrical Period - Division II,Frances Sargent Osgood,Song,170
II. First Lyrical Period - Division II,Frances Sargent Osgood,On a Dead Poet,170
II. First Lyrical Period - Division II,Alfred Billings Street,The Settler,171
II. First Lyrical Period - Division II,Alfred Billings Street,The Loon,171
II. First Lyrical Period - Division II,Christopher Pearse Cranch,The Bobolinks,172
II. First Lyrical Period - Division II,Christopher Pearse Cranch,Stanza from an early Poem,173
II. First Lyrical Period - Division II,Christopher Pearse Cranch,The Pines and the Sea,173
II. First Lyrical Period - Division II,Jones Very,The Idler,173
II. First Lyrical Period - Division II,Jones Very,The New World,174
II. First Lyrical Period - Division II,Jones Very,The Old Road,174
II. First Lyrical Period - Division II,Jones Very,Yourself,174
II. First Lyrical Period - Division II,Jones Very,The Dead,174
II. First Lyrical Period - Division II,Jones Very,The Gifts of God,175
II. First Lyrical Period - Division II,Henry Beck Hirst,The Fringilla Melodia,175
II. First Lyrical Period - Division II,Henry Beck Hirst,The Funeral of Time,176
II. First Lyrical Period - Division II,Epes Sargent,A Life on the Ocean Wave,177
II. First Lyrical Period - Division II,Epes Sargent,The Heart's Summer,177
II. First Lyrical Period - Division II,Robert Traill Spence Lowell,"The Brave Old Ship, the Orient",178
II. First Lyrical Period - Division II,Robert Traill Spence Lowell,The After-Comers,180
II. First Lyrical Period - Division II,Henry Peterson,"From an ""Ode for Decoration Day""",180
II. First Lyrical Period - Division II,Henry Peterson,Rinaldo,181
II. First Lyrical Period - Division II,James Thomas Fields,With Wordsworth at Rydal,181
II. First Lyrical Period - Division II,James Thomas Fields,Common Sense,182
II. First Lyrical Period - Division II,Henry David Thoreau,Inspiration,182
II. First Lyrical Period - Division II,Henry David Thoreau,The Fisher's Boy,182
II. First Lyrical Period - Division II,Henry David Thoreau,Smoke,183
II. First Lyrical Period - Division II,Henry David Thoreau,Mist,183
II. First Lyrical Period - Division II,Emily Chubbuck Judson,Watching,183
II. First Lyrical Period - Division II,Emily Chubbuck Judson,My Bird,184
II. First Lyrical Period - Division II,Arthur Cleveland Coxe,Iona - A Memorial of St. Columba,184
II. First Lyrical Period - Division II,William Ellery Channing,"From ""A Poet's Hope""",185
II. First Lyrical Period - Division II,William Ellery Channing,Hymn of the Earth,186
II. First Lyrical Period - Division II,William Ellery Channing,The Barren Moors,186
II. First Lyrical Period - Division II,William Ellery Channing,Tears in Spring - Lament for Thoreau,187
II. First Lyrical Period - Division II,William Ellery Channing,Edith,187
II. First Lyrical Period - Division II,Mary Elizabeth (Hewitt) Stebbins,The Sunflower to the Sun,188
II. First Lyrical Period - Division II,Mary Elizabeth (Hewitt) Stebbins,Harold the Valiant,188
II. First Lyrical Period - Division II - Additional Selections,George Lunt,Requiem,189
II. First Lyrical Period - Division II - Additional Selections,Isaac McLellan,New England's Dead,190
II. First Lyrical Period - Division II - Additional Selections,Henry Theodore Tuckerman,Washington's Statue,190
II. First Lyrical Period - Division II - Additional Selections,Nathaniel Hawthorne,The Star of Calvary,191
II. First Lyrical Period - Division II - Additional Selections,William Croswell,The Clouds,192
II. First Lyrical Period - Division II - Additional Selections,Nathaniel Ingersoll Bowditch,A World Beyond,192
II. First Lyrical Period - Division II - Additional Selections,George Washington Bethune,It is not Death to die,192
II. First Lyrical Period - Division II - Additional Selections,Frederic Henry Hedge,Paraphrase of Luther's Hymn,192
II. First Lyrical Period - Division II - Additional Selections,Abraham Coles,Dies Irae,193
II. First Lyrical Period - Division II - Additional Selections,Elizabeth Lloyd Howell,Milton's Prayer of Patience,193
II. First Lyrical Period - Division II - Additional Selections,Edmund Hamilton Sears,The Angels' Song,194
II. First Lyrical Period - Division II - Additional Selections,Harriet Elizabeth Beecher Stowe,The Other World,194
II. First Lyrical Period - Division II - Additional Selections,Rufus Dawes,Love Unchangeable,195
II. First Lyrical Period - Division II - Additional Selections,Emma Catharine Embury,Love Unsought,195
II. First Lyrical Period - Division II - Additional Selections,Henry William Herbert,Come Back,196
II. First Lyrical Period - Division II - Additional Selections,Frederick William Thomas,Song,196
II. First Lyrical Period - Division II - Additional Selections,Willis Gaylord Clark,A Remembrance,197
II. First Lyrical Period - Division II - Additional Selections,James Aldrich,A Death-Bed,197
II. First Lyrical Period - Division II - Additional Selections,Charles Gamage Eastman,Dirge,197
II. First Lyrical Period - Division II - Additional Selections,Philip Pendleton Cooke,Florence Vane,197
II. First Lyrical Period - Division II - Additional Selections,Anna Peyre Dinnies,The Wife,198
II. First Lyrical Period - Division II - Additional Selections,George Washington Dewey,Blind Louise,198
II. First Lyrical Period - Division II - Additional Selections,Edward Young,Under the Violets,198
II. First Lyrical Period - Division II - Additional Selections,Sarah Roberts Boyle,The Voice of the Grass,199
II. First Lyrical Period - Division II - Additional Selections,Robert Hinckley Messinger,A Winter Wish,199
II. First Lyrical Period - Division II - Additional Selections,Samuel Ward,A Proem,200
II. First Lyrical Period - Division II - Additional Selections,John Osborne Sargent,Horace,200
II. First Lyrical Period - Division II - Additional Selections,Francis Alexander Durivage,Chez Brebant,201
II. First Lyrical Period - Division II - Additional Selections,Cornelius Mathews,The Poet,201
II. First Lyrical Period - Division III,James Russell Lowell,"From ""Rhoecus""",202
II. First Lyrical Period - Division III,James Russell Lowell,A Stanza on Freedom,203
II. First Lyrical Period - Division III,James Russell Lowell,Hebe,204
II. First Lyrical Period - Division III,James Russell Lowell,She came and went,204
II. First Lyrical Period - Division III,James Russell Lowell,"From ""The Vision of Sir Launfal""",204
II. First Lyrical Period - Division III,James Russell Lowell,"From ""A Fable for Critics"": To his Countrymen",205
II. First Lyrical Period - Division III,James Russell Lowell,"From ""A Fable for Critics"": On Himself",205
II. First Lyrical Period - Division III,James Russell Lowell,"From ""The Biglow Papers"": What Mr. Robinson thinks",205
II. First Lyrical Period - Division III,James Russell Lowell,"From ""The Biglow Papers"": The Candidate's Letter",206
II. First Lyrical Period - Division III,James Russell Lowell,"From ""The Biglow Papers"": The Courtin'",207
II. First Lyrical Period - Division III,James Russell Lowell,"From ""The Biglow Papers"": Mr. Hosea Biglow to the Editor of ""The Atlantic Monthly""",209
II. First Lyrical Period - Division III,James Russell Lowell,"Ode Recited at the Harvard Commemoration - July 21, 1865",209
II. First Lyrical Period - Division III,James Russell Lowell,The First Snow-Fall,215
II. First Lyrical Period - Division III,James Russell Lowell,International Copyright,215
II. First Lyrical Period - Division III,James Russell Lowell,In a Copy of Omar Khayyam,215
II. First Lyrical Period - Division III,James Russell Lowell,Auf Wiedersehen - Summer,216
II. First Lyrical Period - Division III,James Russell Lowell,Palinode - Autumn,216
II. First Lyrical Period - Division III,James Russell Lowell,After the Burial,216
II. First Lyrical Period - Division III,James Russell Lowell,In the Twilight,217
II. First Lyrical Period - Division III,James Russell Lowell,An Autograph,218
II. First Lyrical Period - Division III,William Wetmore Story,Cleopatra,218
II. First Lyrical Period - Division III,William Wetmore Story,Io Victis,219
II. First Lyrical Period - Division III,William Wetmore Story,Praxiteles and Phryne,220
II. First Lyrical Period - Division III,Julia Ward Howe,Battle-Hymn of the Republic,220
II. First Lyrical Period - Division III,Julia Ward Howe,Our Orders,221
II. First Lyrical Period - Division III,Walt Whitman,Beginners,221
II. First Lyrical Period - Division III,Walt Whitman,Still though the One I sing,221
II. First Lyrical Period - Division III,Walt Whitman,"From ""The Song of Myself"": Myself",221
II. First Lyrical Period - Division III,Walt Whitman,"From ""The Song of Myself"": Leaves of Grass",222
II. First Lyrical Period - Division III,Walt Whitman,"From ""The Song of Myself"": Heroes",223
II. First Lyrical Period - Division III,Walt Whitman,"From ""The Song of Myself"": Infinity",224
II. First Lyrical Period - Division III,Walt Whitman,Give me the Splendid Silent Sun,225
II. First Lyrical Period - Division III,Walt Whitman,Mannahatta,226
II. First Lyrical Period - Division III,Walt Whitman,"From ""Crossing Brooklyn Ferry""",226
II. First Lyrical Period - Division III,Walt Whitman,Out of the Cradle endlessly rocking,227
II. First Lyrical Period - Division III,Walt Whitman,To the Man-of-War-Bird,230
II. First Lyrical Period - Division III,Walt Whitman,The Dalliance of the Eagles,230
II. First Lyrical Period - Division III,Walt Whitman,Cavalry crossing a Ford,231
II. First Lyrical Period - Division III,Walt Whitman,Bivouac on a Mountain Side,231
II. First Lyrical Period - Division III,Walt Whitman,A Sight in Camp in the Daybreak Gray and Dim,231
II. First Lyrical Period - Division III,Walt Whitman,O Captain! My Captain!,231
II. First Lyrical Period - Division III,Walt Whitman,After an Interval,232
II. First Lyrical Period - Division III,Walt Whitman,"Darest thou now, O Soul",232
II. First Lyrical Period - Division III,Thomas Dunn English,Songs: The Old Mill,232
II. First Lyrical Period - Division III,Thomas Dunn English,Songs: Ben Bolt,233
II. First Lyrical Period - Division III,Josiah Gilbert Holland,Daniel Gray,233
II. First Lyrical Period - Division III,Josiah Gilbert Holland,Babyhood,234
II. First Lyrical Period - Division III,Josiah Gilbert Holland,A Christmas Carol,235
II. First Lyrical Period - Division III,Herman Melville,The College Colonel,235
II. First Lyrical Period - Division III,Herman Melville,The Eagle of the Blue,236
II. First Lyrical Period - Division III,Herman Melville,Memorials: On the Slain at Chickamauga,236
II. First Lyrical Period - Division III,Herman Melville,Memorials: An Uninscribed Monument on one of the Battle-Fields of the Wilderness,236
II. First Lyrical Period - Division III,Herman Melville,Crossing the Tropics,236
II. First Lyrical Period - Division III,Herman Melville,The Enviable Isles,237
II. First Lyrical Period - Division III,Thomas William Parsons,On a Bust of Dante,237
II. First Lyrical Period - Division III,Thomas William Parsons,Dirge,238
II. First Lyrical Period - Division III,Thomas William Parsons,Mary Booth,238
II. First Lyrical Period - Division III,Thomas William Parsons,Her Epitaph,238
II. First Lyrical Period - Division III,Thomas William Parsons,To a Young Girl dying,239
II. First Lyrical Period - Division III,Thomas William Parsons,Into the Noiseless Country,239
II. First Lyrical Period - Division III,Thomas William Parsons,Andrew,239
II. First Lyrical Period - Division III,Thomas William Parsons,Obituary,240
II. First Lyrical Period - Division III,Thomas William Parsons,To a Lady,240
II. First Lyrical Period - Division III,Thomas William Parsons,"""Like as the Lark""",241
II. First Lyrical Period - Division III,Thomas William Parsons,O ye Sweet Heavens!,241
II. First Lyrical Period - Division III,Thomas William Parsons,Paradisi Gloria,241
II. First Lyrical Period - Division III,William Wilberforce Lord,From Worship,242
II. First Lyrical Period - Division III,William Wilberforce Lord,"From ""An Ode to England"": Keats",243
II. First Lyrical Period - Division III,William Wilberforce Lord,"From ""An Ode to England"": Wordsworth",243
II. First Lyrical Period - Division III,William Wilberforce Lord,The Brook,243
II. First Lyrical Period - Division III,William Wilberforce Lord,On the Defeat of a Great Man,244
II. First Lyrical Period - Division III,William Wilberforce Lord,To Rosina Pico,244
II. First Lyrical Period - Division III,Henry Howard Brownell,"From ""The River-Fight""",245
II. First Lyrical Period - Division III,Henry Howard Brownell,The Burial of the Dane,247
II. First Lyrical Period - Division III,Henry Howard Brownell,The Sphinx,247
II. First Lyrical Period - Division III,Theodore O'Hara,The Bivouac of the Dead,248
II. First Lyrical Period - Division III,Maria White Lowell,Song,249
II. First Lyrical Period - Division III,Maria White Lowell,The Morning-Glory,250
II. First Lyrical Period - Division III,Thomas Buchanan Read,The Closing Scene,250
II. First Lyrical Period - Division III,Thomas Buchanan Read,Lines to a Blind Girl,252
II. First Lyrical Period - Division III,Thomas Buchanan Read,Drifting,252
II. First Lyrical Period - Division III,Francis Orrery Ticknor,A Song for the Asking,253
II. First Lyrical Period - Division III,Francis Orrery Ticknor,The Virginians of the Valley,253
II. First Lyrical Period - Division III,Francis Orrery Ticknor,Little Giffen,254
II. First Lyrical Period - Division III,Samuel Johnson,The City of God,254
II. First Lyrical Period - Division III,Samuel Johnson,Inspiration,254
II. First Lyrical Period - Division III,Erastus Wolcott Ellsworth,"From ""What is the Use?""",255
II. First Lyrical Period - Division III,Erastus Wolcott Ellsworth,The Mayflower,256
II. First Lyrical Period - Division III,Elizabeth Stoddard,The Poet's Secret,257
II. First Lyrical Period - Division III,Elizabeth Stoddard,November,257
II. First Lyrical Period - Division III,Elizabeth Stoddard,Unreturning,258
II. First Lyrical Period - Division III,Elizabeth Stoddard,"In the Still, Star-Lit Night",258
II. First Lyrical Period - Division III,Elizabeth Stoddard,Mercedes,259
II. First Lyrical Period - Division III,Elizabeth Stoddard,On the Campagna,259
II. First Lyrical Period - Division III,Elizabeth Stoddard,A Summer Night,259
II. First Lyrical Period - Division III,Elizabeth Stoddard,Last Days,259
II. First Lyrical Period - Division III,Thomas Lake Harris,California,260
II. First Lyrical Period - Division III,Thomas Lake Harris,Fledglings,260
II. First Lyrical Period - Division III,Thomas Lake Harris,Sea-Sleep,261
II. First Lyrical Period - Division III,George Henry Boker,A Ballad of Sir John Franklin,261
II. First Lyrical Period - Division III,George Henry Boker,The Ferry,263
II. First Lyrical Period - Division III,George Henry Boker,To England,263
II. First Lyrical Period - Division III,George Henry Boker,To My Lady,263
II. First Lyrical Period - Division III,George Henry Boker,Dirge for a Soldier,264
II. First Lyrical Period - Division III,John Randolph Thompson,Music in Camp,264
II. First Lyrical Period - Division III,John Randolph Thompson,Ashby,265
II. First Lyrical Period - Division III,James Matthew Legare,Amy,266
II. First Lyrical Period - Division III,James Matthew Legare,Ahab Mohammed,266
II. First Lyrical Period - Division III,James Matthew Legare,To a Lily,267
II. First Lyrical Period - Division III,Thomas Wentworth Higginson,Ode to a Butterfly,267
II. First Lyrical Period - Division III,Thomas Wentworth Higginson,To Duty,268
II. First Lyrical Period - Division III,Thomas Wentworth Higginson,"""The Snowing of the Pines""",268
II. First Lyrical Period - Division III,Thomas Wentworth Higginson,Decoration,268
II. First Lyrical Period - Division III,Thomas Wentworth Higginson,"""Since Cleopatra died""",269
II. First Lyrical Period - Division III,Thomas Wentworth Higginson,"""Such Stuff as Dreams are made of""",269
II. First Lyrical Period - Division III,Charles Godfrey Leland,El Capitan-General,269
II. First Lyrical Period - Division III,Charles Godfrey Leland,The Two Friends,270
II. First Lyrical Period - Division III,Bayard Taylor,Ariel in the Cloven Pine,271
II. First Lyrical Period - Division III,Bayard Taylor,Song,272
II. First Lyrical Period - Division III,Bayard Taylor,Bedouin Song,272
II. First Lyrical Period - Division III,Bayard Taylor,"America - From the National Ode, July 4, 1876",272
II. First Lyrical Period - Division III,Bayard Taylor,The Quaker Widow,273
II. First Lyrical Period - Division III,Bayard Taylor,The Song of the Camp,274
II. First Lyrical Period - Division III,Bayard Taylor,"From ""The Sunshine of the Gods""",275
II. First Lyrical Period - Division III,Bayard Taylor,To M. T.,275
II. First Lyrical Period - Division III,Julia Caroline Ripley Dorr,The Fallow Field,275
II. First Lyrical Period - Division III,Julia Caroline Ripley Dorr,O Earth! art thou not weary?,276
II. First Lyrical Period - Division III,Julia Caroline Ripley Dorr,With a Rose from Conway Castle,276
II. First Lyrical Period - Division III,Julia Caroline Ripley Dorr,Two Paths,277
II. First Lyrical Period - Division III,John Williamson Palmer,Stonewall Jackson's Way,277
II. First Lyrical Period - Division III,John Williamson Palmer,The Fight at the San Jacinto,277
II. First Lyrical Period - Division III,John Williamson Palmer,The Maryland Battalion,278
II. First Lyrical Period - Division III,Richard Henry Stoddard,The Witch's Whelp,279
II. First Lyrical Period - Division III,Richard Henry Stoddard,Melodies and Catches: Songs,280
II. First Lyrical Period - Division III,Richard Henry Stoddard,Melodies and Catches: The Sea,280
II. First Lyrical Period - Division III,Richard Henry Stoddard,Melodies and Catches: Birds,280
II. First Lyrical Period - Division III,Richard Henry Stoddard,Melodies and Catches: The Sky,281
II. First Lyrical Period - Division III,Richard Henry Stoddard,Melodies and Catches: The Shadow,281
II. First Lyrical Period - Division III,Richard Henry Stoddard,Melodies and Catches: A Catch,281
II. First Lyrical Period - Division III,Richard Henry Stoddard,The Flight of Youth,281
II. First Lyrical Period - Division III,Richard Henry Stoddard,Oriental Songs: The Divan,281
II. First Lyrical Period - Division III,Richard Henry Stoddard,Oriental Songs: Wine and Dew,281
II. First Lyrical Period - Division III,Richard Henry Stoddard,Oriental Songs: The Jar,282
II. First Lyrical Period - Division III,Richard Henry Stoddard,Oriental Songs: The Falcon,282
II. First Lyrical Period - Division III,Richard Henry Stoddard,Oriental Songs: Arab Song,282
II. First Lyrical Period - Division III,Richard Henry Stoddard,The Lover (Japan),282
II. First Lyrical Period - Division III,Richard Henry Stoddard,Abraham Lincoln,282
II. First Lyrical Period - Division III,Richard Henry Stoddard,Adsum,285
II. First Lyrical Period - Division III,Richard Henry Stoddard,An Old Song Reversed,285
II. First Lyrical Period - Division III,Richard Henry Stoddard,Mors et Vita,285
II. First Lyrical Period - Division III,Richard Henry Stoddard,A Gazelle,286
II. First Lyrical Period - Division III,Richard Henry Stoddard,The Flight of the Arrow,286
II. First Lyrical Period - Division III,Margaret Junkin Preston,The Vision of the Snow,286
II. First Lyrical Period - Division III,Margaret Junkin Preston,The Hero of the Commune,286
II. First Lyrical Period - Division III,Margaret Junkin Preston,"A Grave in Hollywood Cemetery, Richmond (J. R. T.)",287
II. First Lyrical Period - Division III,Stephen Collins Foster,"My Old Kentucky Home, Good-Night",288
II. First Lyrical Period - Division III,Stephen Collins Foster,Old Folks at Home,288
II. First Lyrical Period - Division III,Stephen Collins Foster,Massa's in de Cold Ground,289
II. First Lyrical Period - Division III,Rose Terry Cooke,Segovia and Madrid,289
II. First Lyrical Period - Division III,Rose Terry Cooke,Arachne,289
II. First Lyrical Period - Division III,Rose Terry Cooke,Bluebeard's Closet,290
II. First Lyrical Period - Division III,Rose Terry Cooke,Life,290
II. First Lyrical Period - Division III,Rose Terry Cooke,Done For,291
II. First Lyrical Period - Division III,Rose Terry Cooke,In Vain,291
II. First Lyrical Period - Division III,Francis Miles Finch,The Blue and the Gray,292
II. First Lyrical Period - Division III,John Townsend Trowbridge,The Vagabonds,292
II. First Lyrical Period - Division III,John Townsend Trowbridge,Midwinter,294
II. First Lyrical Period - Division III,John Townsend Trowbridge,Midsummer,294
II. First Lyrical Period - Division III,Jeremiah Eames Rankin,The Word of God to Leyden came,295
II. First Lyrical Period - Division III,Jeremiah Eames Rankin,The Babie,296
II. First Lyrical Period - Division III - Additional Selections,Amelia Coppuck Welby,Twilight at Sea,296
II. First Lyrical Period - Division III - Additional Selections,Harriet Winslow Sewall,Why thus longing?,296
II. First Lyrical Period - Division III - Additional Selections,Alice Cary,Balder's Wife,297
II. First Lyrical Period - Division III - Additional Selections,Phoebe Cary,Nearer Home,297
II. First Lyrical Period - Division III - Additional Selections,Anson Davies Fitz Randolph,The Master's Invitation,297
II. First Lyrical Period - Division III - Additional Selections,Eliza Scudder,To a Young Child,298
II. First Lyrical Period - Division III - Additional Selections,Sarah Hammond Palfrey,The Pilgrim,298
II. First Lyrical Period - Division III - Additional Selections,Lucy Larcom,A Strip of Blue,299
II. First Lyrical Period - Division III - Additional Selections,Ellen Clementine Howarth,'Tis but a Little Faded Flower,300
II. First Lyrical Period - Division III - Additional Selections,Edward Pollock,Olivia,300
II. First Lyrical Period - Division III - Additional Selections,Robert Collyer,Under the Snow,301
II. First Lyrical Period - Division III - Additional Selections,Walter Mitchell,Tacking Ship off Shore,302
II. First Lyrical Period - Division III - Additional Selections,William Haines Lytle,Antony to Cleopatra,303
II. First Lyrical Period - Division III - Additional Selections,Fitz-James O'Brien,The Second Mate,303
II. First Lyrical Period - Division III - Additional Selections,Albert Mathews,To an Autumn Leaf,305
II. First Lyrical Period - Division III - Additional Selections,George William Curtis,Ebb and Flow,305
II. First Lyrical Period - Division III - Additional Selections,Joseph Brownlee Brown,Thalatta! Thalatta!,305
II. First Lyrical Period - Division III - Additional Selections,William Allen Butler,Incognita of Raphael,306
II. First Lyrical Period - Division III - Additional Selections,Clarence Chatham Cook,On One who died in May,306
II. First Lyrical Period - Division III - Additional Selections,Theodore Winthrop,But Once,307
II. First Lyrical Period - Division III - Additional Selections,Edward Everett Hale,Alma Mater's Roll,307
II. First Lyrical Period - Division III - Additional Selections,Charles Dudley Warner,Bookra,308
III. Second Lyrical Period - Division I,Silas Weir Mitchell,"On a Boy's First Reading of ""King Henry V""",311
III. Second Lyrical Period - Division I,Silas Weir Mitchell,To a Magnolia Flower in the Garden of the Armenian Convent at Venice,311
III. Second Lyrical Period - Division I,Silas Weir Mitchell,Of One who seemed to have Failed,312
III. Second Lyrical Period - Division I,Silas Weir Mitchell,The Quaker Graveyard,313
III. Second Lyrical Period - Division I,Silas Weir Mitchell,Idleness,313
III. Second Lyrical Period - Division I,Silas Weir Mitchell,"A Decanter of Madeira, Aged 86, to George Bancroft, Aged 86, Greeting",313
III. Second Lyrical Period - Division I,Henry Timrod,The Cotton Boll,314
III. Second Lyrical Period - Division I,Henry Timrod,Quatorzain,316
III. Second Lyrical Period - Division I,Henry Timrod,Charleston,316
III. Second Lyrical Period - Division I,Henry Timrod,At Magnolia Cemetery,317
III. Second Lyrical Period - Division I,Paul Hamilton Hayne,Aspects of the Pines,317
III. Second Lyrical Period - Division I,Paul Hamilton Hayne,Vicksburg,317
III. Second Lyrical Period - Division I,Paul Hamilton Hayne,Between the Sunken Sun and the New Moon,318
III. Second Lyrical Period - Division I,Paul Hamilton Hayne,A Storm in the Distance,318
III. Second Lyrical Period - Division I,Paul Hamilton Hayne,The Rose and Thorn,319
III. Second Lyrical Period - Division I,Paul Hamilton Hayne,A little while I fain would linger yet,319
III. Second Lyrical Period - Division I,Paul Hamilton Hayne,In Harbor,319
III. Second Lyrical Period - Division I,Emily Dickinson,Life: Life,320
III. Second Lyrical Period - Division I,Emily Dickinson,Life: A Book,320
III. Second Lyrical Period - Division I,Emily Dickinson,Life: Utterance,320
III. Second Lyrical Period - Division I,Emily Dickinson,Life: With Flowers,320
III. Second Lyrical Period - Division I,Emily Dickinson,Life: Parting,320
III. Second Lyrical Period - Division I,Emily Dickinson,Life: Called Back,320
III. Second Lyrical Period - Division I,Emily Dickinson,Love: Choice,321
III. Second Lyrical Period - Division I,Emily Dickinson,Love: Constant,321
III. Second Lyrical Period - Division I,Emily Dickinson,"Love: Heart, we will forget him",321
III. Second Lyrical Period - Division I,Emily Dickinson,Nature: The Waking Year,321
III. Second Lyrical Period - Division I,Emily Dickinson,Nature: Autumn,321
III. Second Lyrical Period - Division I,Emily Dickinson,Nature: Beclouded,321
III. Second Lyrical Period - Division I,Emily Dickinson,Nature: Fringed Gentian,321
III. Second Lyrical Period - Division I,Emily Dickinson,Time and Eternity: Too Late,322
III. Second Lyrical Period - Division I,Emily Dickinson,Time and Eternity: Chartless,322
III. Second Lyrical Period - Division I,Emily Dickinson,Time and Eternity: The Battle-Field,322
III. Second Lyrical Period - Division I,Emily Dickinson,Time and Eternity: Vanished,322
III. Second Lyrical Period - Division I,Emily Dickinson,Time and Eternity: That such have died,322
III. Second Lyrical Period - Division I,Emily Dickinson,Time and Eternity: The Secret,322
III. Second Lyrical Period - Division I,Emily Dickinson,Time and Eternity: Eternity,322
III. Second Lyrical Period - Division I,Will Wallace Harney,Adonais,323
III. Second Lyrical Period - Division I,Will Wallace Harney,The Stab,323
III. Second Lyrical Period - Division I,Helen Fiske Jackson,Coronation,324
III. Second Lyrical Period - Division I,Helen Fiske Jackson,Morn,324
III. Second Lyrical Period - Division I,Helen Fiske Jackson,Emigravit,324
III. Second Lyrical Period - Division I,Helen Fiske Jackson,Poppies in the Wheat,325
III. Second Lyrical Period - Division I,Helen Fiske Jackson,A Last Prayer,325
III. Second Lyrical Period - Division I,Helen Fiske Jackson,Habeas Corpus,325
III. Second Lyrical Period - Division I,Franklin Benjamin Sanborn,Samuel Hoar,326
III. Second Lyrical Period - Division I,Franklin Benjamin Sanborn,Ariana,326
III. Second Lyrical Period - Division I,Joel Benton,At Chappaqua,326
III. Second Lyrical Period - Division I,Joel Benton,The Scarlet Tanager,326
III. Second Lyrical Period - Division I,Elizabeth Akers Allen,Sea-Birds,327
III. Second Lyrical Period - Division I,Elizabeth Akers Allen,"""My Dearling""",327
III. Second Lyrical Period - Division I,Elizabeth Akers Allen,The Last Landlord,327
III. Second Lyrical Period - Division I,Elizabeth Akers Allen,In a Garret,328
III. Second Lyrical Period - Division I,Elizabeth Akers Allen,Rock me to Sleep,329
III. Second Lyrical Period - Division I,Mary Ashley Townsend,Sonnets: The Dead Singer,329
III. Second Lyrical Period - Division I,Mary Ashley Townsend,Sonnets: Virtuosa,330
III. Second Lyrical Period - Division I,Mary Ashley Townsend,Sonnets: At Set of Sun,330
III. Second Lyrical Period - Division I,Mary Ashley Townsend,Sonnets: Down the Bayou,330
III. Second Lyrical Period - Division I,Mary Ashley Townsend,Sonnets: Reserve,330
III. Second Lyrical Period - Division I,Mary Ashley Townsend,Sonnets: Her Horoscope,330
III. Second Lyrical Period - Division I,Mary Ashley Townsend,Embryo,331
III. Second Lyrical Period - Division I,Mary Ashley Townsend,A Georgia Volunteer,331
III. Second Lyrical Period - Division I,John Albee,Music and Memory,332
III. Second Lyrical Period - Division I,John Albee,A Soldier's Grave,332
III. Second Lyrical Period - Division I,John Albee,Landor,332
III. Second Lyrical Period - Division I,John Albee,Bos'n Hill,332
III. Second Lyrical Period - Division I,John Albee,Dandelions,333
III. Second Lyrical Period - Division I,Edmund Clarence Stedman,Song from a Drama,333
III. Second Lyrical Period - Division I,Edmund Clarence Stedman,The Discoverer,333
III. Second Lyrical Period - Division I,Edmund Clarence Stedman,Pan in Wall Street,334
III. Second Lyrical Period - Division I,Edmund Clarence Stedman,Kearny at Seven Pines,335
III. Second Lyrical Period - Division I,Edmund Clarence Stedman,The Hand of Lincoln,335
III. Second Lyrical Period - Division I,Edmund Clarence Stedman,Salem (A. D. 1692),336
III. Second Lyrical Period - Division I,Edmund Clarence Stedman,Falstaff's Song,336
III. Second Lyrical Period - Division I,Edmund Clarence Stedman,The World well Lost,337
III. Second Lyrical Period - Division I,Edmund Clarence Stedman,Helen Keller,337
III. Second Lyrical Period - Division I,Edmund Clarence Stedman,Morgan,338
III. Second Lyrical Period - Division I,Edmund Clarence Stedman,On a Great Man whose Mind is Clouding,338
III. Second Lyrical Period - Division I,Edmund Clarence Stedman,Si Jeunesse savait!,338
III. Second Lyrical Period - Division I,Edmund Clarence Stedman,Mors Benefica,338
III. Second Lyrical Period - Division I,Edmund Clarence Stedman,"Quest - From ""Corda Concordia""",339
III. Second Lyrical Period - Division I,Edmund Clarence Stedman,Invocation,339
III. Second Lyrical Period - Division I,Tracy Robinson,Song of the Palm,340
III. Second Lyrical Period - Division I,Charles Henry Webb,With a Nantucket Shell,341
III. Second Lyrical Period - Division I,Charles Henry Webb,March,342
III. Second Lyrical Period - Division I,Charles Henry Webb,"Gil, the Toreador",342
III. Second Lyrical Period - Division I,Charles Henry Webb,Dum Vivimus Vigilemus,342
III. Second Lyrical Period - Division I,Richard Realf,Indirection,343
III. Second Lyrical Period - Division I,Richard Realf,The Word,343
III. Second Lyrical Period - Division I,Richard Realf,An Old Man's Idyl,343
III. Second Lyrical Period - Division I,George Arnold,Farewell to Summer,344
III. Second Lyrical Period - Division I,George Arnold,Beer,345
III. Second Lyrical Period - Division I,Frances Louisa Bushnell,World Music,345
III. Second Lyrical Period - Division I,Frances Louisa Bushnell,Unfulfilment,346
III. Second Lyrical Period - Division I,Frances Louisa Bushnell,In the Dark,346
III. Second Lyrical Period - Division I,Annie Fields,On Waking from a Dreamless Sleep,346
III. Second Lyrical Period - Division I,Annie Fields,Theocritus,347
III. Second Lyrical Period - Division I,Annie Fields,Little Guinever,347
III. Second Lyrical Period - Division I,Annie Fields,The Return,347
III. Second Lyrical Period - Division I,Annie Fields,"""Song, to the Gods, is Sweetest Sacrifice""",348
III. Second Lyrical Period - Division I,Harriet McEwen Kimball,The Guest,348
III. Second Lyrical Period - Division I,Harriet McEwen Kimball,All's Well,348
III. Second Lyrical Period - Division I,Harriet McEwen Kimball,White Azaleas,349
III. Second Lyrical Period - Division I,John James Piatt,The Mower in Ohio,349
III. Second Lyrical Period - Division I,John James Piatt,Rose and Root,350
III. Second Lyrical Period - Division I,John James Piatt,To Abraham Lincoln,350
III. Second Lyrical Period - Division I,John James Piatt,Farther,350
III. Second Lyrical Period - Division I,John James Piatt,The Child in the Street,351
III. Second Lyrical Period - Division I,John James Piatt,To a Lady,351
III. Second Lyrical Period - Division I,John James Piatt,The Guerdon,351
III. Second Lyrical Period - Division I,John James Piatt,Torch-Light in Autumn,351
III. Second Lyrical Period - Division I,John James Piatt,Ireland,351
III. Second Lyrical Period - Division I,John James Piatt,Leaves at my Window,351
III. Second Lyrical Period - Division I,John James Piatt,The Lost Genius,352
III. Second Lyrical Period - Division I,John James Piatt,Purpose,353
III. Second Lyrical Period - Division I,Harriet Prescott Spofford,Phantoms all,353
III. Second Lyrical Period - Division I,Harriet Prescott Spofford,Evanescence,354
III. Second Lyrical Period - Division I,Harriet Prescott Spofford,Music in the Night,354
III. Second Lyrical Period - Division I,Harriet Prescott Spofford,A Sigh,354
III. Second Lyrical Period - Division I,Harriet Prescott Spofford,The Pines,354
III. Second Lyrical Period - Division I,Harriet Prescott Spofford,Voice,355
III. Second Lyrical Period - Division I,Harriet Prescott Spofford,The Hunt,355
III. Second Lyrical Period - Division I,Louise Chandler Moulton,To-Night,355
III. Second Lyrical Period - Division I,Louise Chandler Moulton,A Painted Fan,356
III. Second Lyrical Period - Division I,Louise Chandler Moulton,The Shadow Dance,356
III. Second Lyrical Period - Division I,Louise Chandler Moulton,Laus Veneris,356
III. Second Lyrical Period - Division I,Louise Chandler Moulton,Laura Sleeping,356
III. Second Lyrical Period - Division I,Louise Chandler Moulton,Hic Jacet,357
III. Second Lyrical Period - Division I,Louise Chandler Moulton,The Last Good-by,357
III. Second Lyrical Period - Division I,Louise Chandler Moulton,Were but my Spirit loosed upon the Air,357
III. Second Lyrical Period - Division I,Louise Chandler Moulton,We lay us down to Sleep,357
III. Second Lyrical Period - Division I,Louise Chandler Moulton,Louisa May Alcott - In Memoriam,358
III. Second Lyrical Period - Division I,Louise Chandler Moulton,Love's Resurrection Day,358
III. Second Lyrical Period - Division I,William Hayes Ward,To John Greenleaf Whittier - On the Death of Lowell,358
III. Second Lyrical Period - Division I,William Hayes Ward,The New Castalia,358
III. Second Lyrical Period - Division I,Irving Browne,My New World,359
III. Second Lyrical Period - Division I,Irving Browne,At Shakespeare's Grave,359
III. Second Lyrical Period - Division I,Irving Browne,Man's Pillow,360
III. Second Lyrical Period - Division I,Lucius Harwood Foote,Poetry,360
III. Second Lyrical Period - Division I,Lucius Harwood Foote,On the Heights,360
III. Second Lyrical Period - Division I,Lucius Harwood Foote,Don Juan,361
III. Second Lyrical Period - Division I,Lucius Harwood Foote,El Vaquero,361
III. Second Lyrical Period - Division I,Lucius Harwood Foote,The Derelict,361
III. Second Lyrical Period - Division I,Theodore Tilton,God save the Nation,361
III. Second Lyrical Period - Division I,Theodore Tilton,Coeur de Lion to Berengaria,362
III. Second Lyrical Period - Division I,Theodore Tilton,The Flight from the Convent,362
III. Second Lyrical Period - Division I,Theodore Tilton,Sir Marmaduke's Musings,363
III. Second Lyrical Period - Division I,Mary Emily Bradley,A Chrysalis,363
III. Second Lyrical Period - Division I,Mary Emily Bradley,In Death,363
III. Second Lyrical Period - Division I,Mary Emily Bradley,Beyond Recall,364
III. Second Lyrical Period - Division I,Mary Emily Bradley,A Spray of Honeysuckle,364
III. Second Lyrical Period - Division I,John Aylmer Dorgan,The Beautiful,364
III. Second Lyrical Period - Division I,John Aylmer Dorgan,The Dead Solomon,364
III. Second Lyrical Period - Division I,Frances Laughton Mace,Alcyone,365
III. Second Lyrical Period - Division I,William Henry Venable,The School Girl,366
III. Second Lyrical Period - Division I,William Henry Venable,My Catbird,366
III. Second Lyrical Period - Division I,Anna Callender Brackett,Sonnets: In Hades,367
III. Second Lyrical Period - Division I,Anna Callender Brackett,Sonnets: Benedicite,367
III. Second Lyrical Period - Division I,Charles Frederick Johnson,The Modern Romans,368
III. Second Lyrical Period - Division I,Charles Frederick Johnson,Then and Now,368
III. Second Lyrical Period - Division I,Celia Thaxter,Seaward,369
III. Second Lyrical Period - Division I,Celia Thaxter,The Sandpiper,369
III. Second Lyrical Period - Division I,Celia Thaxter,Song,370
III. Second Lyrical Period - Division I,Celia Thaxter,May Morning,370
III. Second Lyrical Period - Division I,William Winter,My Queen,371
III. Second Lyrical Period - Division I,William Winter,Asleep,371
III. Second Lyrical Period - Division I,William Winter,The Night Watch,371
III. Second Lyrical Period - Division I,William Winter,On the Verge,371
III. Second Lyrical Period - Division I,William Winter,Adelaide Neilson,372
III. Second Lyrical Period - Division I,William Winter,Arthur,372
III. Second Lyrical Period - Division I,William Winter,The Passing Bell at Stratford,373
III. Second Lyrical Period - Division I,William Winter,I. H. B.,373
III. Second Lyrical Period - Division I,William Winter,Unwritten Poems,374
III. Second Lyrical Period - Division I,Sarah Morgan Bryan Piatt,After Wings,374
III. Second Lyrical Period - Division I,Sarah Morgan Bryan Piatt,My Babes in the Wood,374
III. Second Lyrical Period - Division I,Sarah Morgan Bryan Piatt,The Witch in the Glass,375
III. Second Lyrical Period - Division I,Sarah Morgan Bryan Piatt,Tradition of Conquest,375
III. Second Lyrical Period - Division I,Sarah Morgan Bryan Piatt,The Watch of a Swan,375
III. Second Lyrical Period - Division I,Sarah Morgan Bryan Piatt,In Clonmel Parish Churchyard,376
III. Second Lyrical Period - Division I,Sarah Morgan Bryan Piatt,A Call on Sir Walter Raleigh,376
III. Second Lyrical Period - Division I,Sarah Morgan Bryan Piatt,An Irish Wild-Flower,377
III. Second Lyrical Period - Division I,Sarah Morgan Bryan Piatt,Transfigured,377
III. Second Lyrical Period - Division I,Sarah Morgan Bryan Piatt,The Term of Death,377
III. Second Lyrical Period - Division I,Sarah Morgan Bryan Piatt,Envoy,377
III. Second Lyrical Period - Division I,David Gray,On Lebanon,377
III. Second Lyrical Period - Division I,David Gray,Divided,378
III. Second Lyrical Period - Division I,David Gray,The Cross of Gold,378
III. Second Lyrical Period - Division I,Thomas Bailey Aldrich,Appreciation,379
III. Second Lyrical Period - Division I,Thomas Bailey Aldrich,To Hafiz,379
III. Second Lyrical Period - Division I,Thomas Bailey Aldrich,When the Sultan goes to Ispahan,379
III. Second Lyrical Period - Division I,Thomas Bailey Aldrich,Palabras Carinosas,380
III. Second Lyrical Period - Division I,Thomas Bailey Aldrich,Heredity,380
III. Second Lyrical Period - Division I,Thomas Bailey Aldrich,Identity,380
III. Second Lyrical Period - Division I,Thomas Bailey Aldrich,Unguarded Gates,380
III. Second Lyrical Period - Division I,Thomas Bailey Aldrich,Guilielmus Rex,381
III. Second Lyrical Period - Division I,Thomas Bailey Aldrich,"Sargent's Portrait of Edwin Booth at ""The Players""",381
III. Second Lyrical Period - Division I,Thomas Bailey Aldrich,Tennyson,381
III. Second Lyrical Period - Division I,Thomas Bailey Aldrich,A Shadow of the Night,381
III. Second Lyrical Period - Division I,Thomas Bailey Aldrich,Sonnets: Enamoured Architect of Airy Rhyme,382
III. Second Lyrical Period - Division I,Thomas Bailey Aldrich,Sonnets: Reminiscence,382
III. Second Lyrical Period - Division I,Thomas Bailey Aldrich,Sonnets: Outward Bound,382
III. Second Lyrical Period - Division I,Thomas Bailey Aldrich,Sonnets: Andromeda,383
III. Second Lyrical Period - Division I,Thomas Bailey Aldrich,Sonnets: The Undiscovered Country,383
III. Second Lyrical Period - Division I,Thomas Bailey Aldrich,Sonnets: Sleep,383
III. Second Lyrical Period - Division I,Thomas Bailey Aldrich,Prescience,383
III. Second Lyrical Period - Division I,Thomas Bailey Aldrich,Memory,384
III. Second Lyrical Period - Division I,Thomas Bailey Aldrich,Thalia,384
III. Second Lyrical Period - Division I,Thomas Bailey Aldrich,Quatrains: Masks,384
III. Second Lyrical Period - Division I,Thomas Bailey Aldrich,Quatrains: Memories,384
III. Second Lyrical Period - Division I,Thomas Bailey Aldrich,Quatrains: Circumstance,384
III. Second Lyrical Period - Division I,Thomas Bailey Aldrich,Quatrains: On Reading,384
III. Second Lyrical Period - Division I,Thomas Bailey Aldrich,Quatrains: Quits,385
III. Second Lyrical Period - Division I,Thomas Bailey Aldrich,An Ode - On the Unveiling of the Shaw Memorial on Boston Common,385
III. Second Lyrical Period - Division I,Thomas Bailey Aldrich,A Petition,385
III. Second Lyrical Period - Division I,William Dean Howells,In Earliest Spring,386
III. Second Lyrical Period - Division I,William Dean Howells,The Two Wives,386
III. Second Lyrical Period - Division I,William Dean Howells,From Generation to Generation,386
III. Second Lyrical Period - Division I,William Dean Howells,Change,386
III. Second Lyrical Period - Division I,William Dean Howells,If,387
III. Second Lyrical Period - Division I,William Dean Howells,Hope,387
III. Second Lyrical Period - Division I,William Dean Howells,Vision,387
III. Second Lyrical Period - Division I,William Dean Howells,Judgment Day,387
III. Second Lyrical Period - Division I,William Dean Howells,What shall it profit?,387
III. Second Lyrical Period - Division I,Forceythe Willson,The Old Sergeant,388
III. Second Lyrical Period - Division I,Forceythe Willson,"From ""In State""",389
III. Second Lyrical Period - Division I,William Reed Huntington,Tellus,390
III. Second Lyrical Period - Division I,William Reed Huntington,Authority,390
III. Second Lyrical Period - Division I,Margaret Elizabeth Sangster,Whittier,391
III. Second Lyrical Period - Division I,Margaret Elizabeth Sangster,Awakening,391
III. Second Lyrical Period - Division I,Henry Ames Blood,Comrades,391
III. Second Lyrical Period - Division I,Henry Ames Blood,Shakespeare,391
III. Second Lyrical Period - Division I,Mary Mapes Dodge,The Two Mysteries,392
III. Second Lyrical Period - Division I,Mary Mapes Dodge,Once Before,393
III. Second Lyrical Period - Division I,Mary Mapes Dodge,The Stars,393
III. Second Lyrical Period - Division I,Mary Mapes Dodge,Emerson,393
III. Second Lyrical Period - Division I,Mary Mapes Dodge,Shadow-Evidence,394
III. Second Lyrical Period - Division I,William Bull Wright,"From ""The Brook""",394
III. Second Lyrical Period - Division I,John Hay,Liberty,395
III. Second Lyrical Period - Division I,John Hay,The Surrender of Spain,396
III. Second Lyrical Period - Division I,John Hay,Christine,396
III. Second Lyrical Period - Division I,John Hay,Pike County Ballads: Jim Bludso of the Prairie Belle,396
III. Second Lyrical Period - Division I,John Hay,Pike County Ballads: Little Breeches,397
III. Second Lyrical Period - Division I,John Hay,The Stirrup-Cup,398
III. Second Lyrical Period - Division I,Edna Dean Proctor,"From ""The Song of the Ancient People""",398
III. Second Lyrical Period - Division I,Edna Dean Proctor,"Heaven, O Lord, I cannot lose",399
III. Second Lyrical Period - Division I,Charlotte Fiske Bates,A Character,399
III. Second Lyrical Period - Division I,Charlotte Fiske Bates,The Clue,400
III. Second Lyrical Period - Division I,Charlotte Fiske Bates,Delay,400
III. Second Lyrical Period - Division I,Charlotte Fiske Bates,Woodbines in October,400
III. Second Lyrical Period - Division I,Charlotte Fiske Bates,The Living Book,400
III. Second Lyrical Period - Division I,James Ryder Randall,My Maryland,400
III. Second Lyrical Period - Division I,James Ryder Randall,John Pelham,401
III. Second Lyrical Period - Division I,James Ryder Randall,Why the Robin's Breast was Red,402
III. Second Lyrical Period - Division I,Abram Joseph Ryan,The Conquered Banner,402
III. Second Lyrical Period - Division I,Abram Joseph Ryan,A Child's Wish,403
III. Second Lyrical Period - Division I,Francis Bret Harte,At the Hacienda,403
III. Second Lyrical Period - Division I,Francis Bret Harte,Chiquita,403
III. Second Lyrical Period - Division I,Francis Bret Harte,Grizzly,404
III. Second Lyrical Period - Division I,Francis Bret Harte,Crotalus,404
III. Second Lyrical Period - Division I,Francis Bret Harte,"""Jim""",405
III. Second Lyrical Period - Division I,Francis Bret Harte,The Society upon the Stanislaus,405
III. Second Lyrical Period - Division I,Francis Bret Harte,The Aged Stranger,406
III. Second Lyrical Period - Division I,Francis Bret Harte,Madrono,407
III. Second Lyrical Period - Division I,Francis Bret Harte,What the Bullet sang,407
III. Second Lyrical Period - Division I,Stephen Henry Thayer,Europa,407
III. Second Lyrical Period - Division I,Stephen Henry Thayer,Poet of Earth,408
III. Second Lyrical Period - Division I,Stephen Henry Thayer,The Waiting Chords,408
III. Second Lyrical Period - Division I,Rossiter Johnson,Evelyn,409
III. Second Lyrical Period - Division I,Rossiter Johnson,A Soldier Poet,409
III. Second Lyrical Period - Division I,Amelia Walstien Carpenter,The Ride to Cherokee,410
III. Second Lyrical Period - Division I,Amelia Walstien Carpenter,Recollection,410
III. Second Lyrical Period - Division I,Amelia Walstien Carpenter,Old Flemish Lace,411
III. Second Lyrical Period - Division I,John Lancaster Spalding,Believe and take Heart,411
III. Second Lyrical Period - Division I,John Lancaster Spalding,The Starry Host,411
III. Second Lyrical Period - Division I,John Lancaster Spalding,Silence,412
III. Second Lyrical Period - Division I,John Lancaster Spalding,Forepledged,412
III. Second Lyrical Period - Division I,John Lancaster Spalding,"From ""God and the Soul"": Nature and the Child",412
III. Second Lyrical Period - Division I,John Lancaster Spalding,"From ""God and the Soul"": Et Mori Lucrum",412
III. Second Lyrical Period - Division I,John Lancaster Spalding,"From ""God and the Soul"": The Void Between",413
III. Second Lyrical Period - Division I,John Lancaster Spalding,"From ""God and the Soul"": At the Ninth Hour",413
III. Second Lyrical Period - Division I,Henry Bernard Carpenter,The Reed,413
III. Second Lyrical Period - Division I,Robert Kelley Weeks,Medusa,414
III. Second Lyrical Period - Division I,Robert Kelley Weeks,A Song for Lexington,415
III. Second Lyrical Period - Division I,Robert Kelley Weeks,Man and Nature,415
III. Second Lyrical Period - Division I,John White Chadwick,The Making of Man,415
III. Second Lyrical Period - Division I,John White Chadwick,The Golden-Robin's Nest,416
III. Second Lyrical Period - Division I,John White Chadwick,Recognition,416
III. Second Lyrical Period - Division I,John White Chadwick,Starlight,416
III. Second Lyrical Period - Division I,John White Chadwick,The Rise of Man,417
III. Second Lyrical Period - Division I,John White Chadwick,His Mother's Joy,417
III. Second Lyrical Period - Division I,John White Chadwick,A Wedding-Song,417
III. Second Lyrical Period - Division I,George Alfred Townsend,Army Correspondent's Last Ride,417
III. Second Lyrical Period - Division I,George Alfred Townsend,In Rama,418
III. Second Lyrical Period - Division I,Edward Rowland Sill,The Fool's Prayer,419
III. Second Lyrical Period - Division I,Edward Rowland Sill,Before Sunrise in Winter,419
III. Second Lyrical Period - Division I,Edward Rowland Sill,The Lover's Song,420
III. Second Lyrical Period - Division I,Edward Rowland Sill,The Coup de Grace,420
III. Second Lyrical Period - Division I,Edward Rowland Sill,Tempted,420
III. Second Lyrical Period - Division I,Edward Rowland Sill,Force,420
III. Second Lyrical Period - Division I,Edward Rowland Sill,A Prayer,421
III. Second Lyrical Period - Division I,William Gordon McCabe,Christmas Night of '62,421
III. Second Lyrical Period - Division I,William Gordon McCabe,Dreaming in the Trenches,422
III. Second Lyrical Period - Division I,Titus Munson Coan,A Dream of Flowers,422
III. Second Lyrical Period - Division I,Titus Munson Coan,The Crystal,423
III. Second Lyrical Period - Division I,Titus Munson Coan,Nihil Humani Alienum,423
III. Second Lyrical Period - Division I,Nora Perry,Cressid,423
III. Second Lyrical Period - Division I,Nora Perry,The Love-Knot,424
III. Second Lyrical Period - Division I,Nora Perry,Riding Down,424
III. Second Lyrical Period - Division I,Nora Perry,Who knows?,425
III. Second Lyrical Period - Division I,James Herbert Morse,Silence,425
III. Second Lyrical Period - Division I,James Herbert Morse,Brook Song,425
III. Second Lyrical Period - Division I,James Herbert Morse,The Wild Geese,426
III. Second Lyrical Period - Division I,James Herbert Morse,His Statement of the Case,426
III. Second Lyrical Period - Division I,James Herbert Morse,The Wayside,426
III. Second Lyrical Period - Division I,Joaquin Miller,Columbus,426
III. Second Lyrical Period - Division I,Joaquin Miller,At the Grave of Walker,427
III. Second Lyrical Period - Division I,Joaquin Miller,Westward Ho!,427
III. Second Lyrical Period - Division I,Joaquin Miller,Crossing the Plains,428
III. Second Lyrical Period - Division I,Joaquin Miller,Vaquero,428
III. Second Lyrical Period - Division I,Joaquin Miller,By the Pacific Ocean,428
III. Second Lyrical Period - Division I,Joaquin Miller,Twilight at the Heights,429
III. Second Lyrical Period - Division I,Joaquin Miller,Dead in the Sierras,429
III. Second Lyrical Period - Division I,Joaquin Miller,Peter Cooper,429
III. Second Lyrical Period - Division I,Joaquin Miller,To Russia,429
III. Second Lyrical Period - Division I,Joaquin Miller,The Voice of the Dove,429
III. Second Lyrical Period - Division I,Joaquin Miller,Juanita,430
III. Second Lyrical Period - Division I,Joseph O'Connor,What was my Dream?,430
III. Second Lyrical Period - Division I,Joseph O'Connor,The General's Death,431
III. Second Lyrical Period - Division I,Charles Goodrich Whiting,Blue Hills beneath the Haze,431
III. Second Lyrical Period - Division I,Charles Goodrich Whiting,The Eagle's Fall,432
III. Second Lyrical Period - Division I,Charles Goodrich Whiting,The Way to Heaven,432
III. Second Lyrical Period - Division I,Charles Edward Carryl,The Song in the Dell,432
III. Second Lyrical Period - Division I,Charles Edward Carryl,Robinson Crusoe,433
III. Second Lyrical Period - Division I,Sidney Lanier,"Song for ""The Jaquerie"": Betrayal",433
III. Second Lyrical Period - Division I,Sidney Lanier,"Song for ""The Jaquerie"": The Hound",434
III. Second Lyrical Period - Division I,Sidney Lanier,Night and Day,434
III. Second Lyrical Period - Division I,Sidney Lanier,The Stirrup-Cup,434
III. Second Lyrical Period - Division I,Sidney Lanier,Song of the Chattahoochee,434
III. Second Lyrical Period - Division I,Sidney Lanier,The Marshes of Glynn,435
III. Second Lyrical Period - Division I,Sidney Lanier,The Mocking Bird,437
III. Second Lyrical Period - Division I,Sidney Lanier,The Harlequin of Dreams,437
III. Second Lyrical Period - Division I,Sidney Lanier,A Ballad of Trees and the Master,437
III. Second Lyrical Period - Division I,Sidney Lanier,Sunrise,437
III. Second Lyrical Period - Division I,May Riley Smith,My Uninvited Guest,441
III. Second Lyrical Period - Division I,May Riley Smith,Departure,441
III. Second Lyrical Period - Division I,Henry Abbey,Donald,442
III. Second Lyrical Period - Division I,Henry Abbey,Winter Days,442
III. Second Lyrical Period - Division I,Henry Abbey,In Memory of General Grant,442
III. Second Lyrical Period - Division I,Henry Abbey,Faith's Vista,443
III. Second Lyrical Period - Division I,Ambrose Bierce,The Death of Grant,443
III. Second Lyrical Period - Division I,Ambrose Bierce,The Bride,443
III. Second Lyrical Period - Division I,Ambrose Bierce,Another Way,444
III. Second Lyrical Period - Division I,Ambrose Bierce,Montefiore,444
III. Second Lyrical Period - Division I,Ambrose Bierce,Presentiment,444
III. Second Lyrical Period - Division I,Ambrose Bierce,Creation,444
III. Second Lyrical Period - Division I,Ambrose Bierce,T. A. H.,444
III. Second Lyrical Period - Division I,Charles Warren Stoddard,The Royal Mummy to Bohemia,445
III. Second Lyrical Period - Division I,Charles Warren Stoddard,Wind and Wave,445
III. Second Lyrical Period - Division I,Charles Warren Stoddard,Albatross,446
III. Second Lyrical Period - Division I,Charles Warren Stoddard,The Cocoa-Tree,446
III. Second Lyrical Period - Division I,Francis Fisher Browne,Vanquished,446
III. Second Lyrical Period - Division I,Francis Fisher Browne,Under the Blue,447
III. Second Lyrical Period - Division I,Francis Fisher Browne,Santa Barbara,447
III. Second Lyrical Period - Division I,Mary Ainge De Vere,The Wind-Swept Wheat,447
III. Second Lyrical Period - Division I,Mary Ainge De Vere,A Farewell,448
III. Second Lyrical Period - Division I,Mary Ainge De Vere,Faith Trembling,448
III. Second Lyrical Period - Division I,Mary Ainge De Vere,The Spinner,448
III. Second Lyrical Period - Division I,Mary Ainge De Vere,When the Most is Said,449
III. Second Lyrical Period - Division I,Mary Ainge De Vere,Poet and Lark,449
III. Second Lyrical Period - Division I,Mary Ainge De Vere,A Breath,449
III. Second Lyrical Period - Division I,Mary Ainge De Vere,Friend and Lover,449
III. Second Lyrical Period - Division I,Mary Ainge De Vere,God Keep You,449
III. Second Lyrical Period - Division I - Additional Selections,Hezekiah Butterworth,The Thanksgiving in Boston Harbor,450
III. Second Lyrical Period - Division I - Additional Selections,Guy Humphreys McMaster,Carmen Bellicosum,451
III. Second Lyrical Period - Division I - Additional Selections,William Cleaver Wilkinson,"At Marshfield - From ""Webster: An Ode""",451
III. Second Lyrical Period - Division I - Additional Selections,John Antrobus,The Cowboy,452
III. Second Lyrical Period - Division I - Additional Selections,Ethel Lynn Beers,All Quiet along the Potomac,454
III. Second Lyrical Period - Division I - Additional Selections,Charles Graham Halpine,Sambo's Right to be Kilt,454
III. Second Lyrical Period - Division I - Additional Selections,John Esten Cooke,The Band in the Pines,455
III. Second Lyrical Period - Division I - Additional Selections,Elbridge Jefferson Cutler,The Volunteer,455
III. Second Lyrical Period - Division I - Additional Selections,Henry Lynden Flash,Stonewall Jackson,455
III. Second Lyrical Period - Division I - Additional Selections,Nathaniel Graham Shepherd,Roll-Call,456
III. Second Lyrical Period - Division I - Additional Selections,Robert Henry Newell,"""Picciola""",456
III. Second Lyrical Period - Division I - Additional Selections,Michael O'Connor,Reveille,457
III. Second Lyrical Period - Division I - Additional Selections,William Tuckey Meredith,Farragut,457
III. Second Lyrical Period - Division I - Additional Selections,Kate Putnam Osgood,Driving Home the Cows,458
III. Second Lyrical Period - Division I - Additional Selections,,Negro Spirituals: In dat great gittin'-up Mornin',459
III. Second Lyrical Period - Division I - Additional Selections,,Negro Spirituals: Stars begin to fall,459
III. Second Lyrical Period - Division I - Additional Selections,,"Negro Spirituals: Roll, Jordan, Roll",459
III. Second Lyrical Period - Division I - Additional Selections,,"Negro Spirituals: Swing low, Sweet Chariot",459
III. Second Lyrical Period - Division I - Additional Selections,,Negro Spirituals: Bright Sparkles in de Churchyard,460
III. Second Lyrical Period - Division I - Additional Selections,Augusta Cooper Bristol,The Pyxidanthera,460
III. Second Lyrical Period - Division I - Additional Selections,Constance Fenimore Woolson,Yellow Jessamine,460
III. Second Lyrical Period - Division I - Additional Selections,Mary Bolles Branch,The Petrified Fern,461
III. Second Lyrical Period - Division I - Additional Selections,Mary Elizabeth Blake,The Dawning o' the Year,461
III. Second Lyrical Period - Division I - Additional Selections,David Law Proudfit,The Willis,462
III. Second Lyrical Period - Division I - Additional Selections,Samuel Willoughby Duffield,Two of a Trade,463
III. Second Lyrical Period - Division I - Additional Selections,Caroline Atherton Mason,Sonnets: An Open Secret,463
III. Second Lyrical Period - Division I - Additional Selections,Caroline Atherton Mason,Sonnets: Reconciliation,463
III. Second Lyrical Period - Division I - Additional Selections,Mary Barker Dodge,Now,463
III. Second Lyrical Period - Division I - Additional Selections,William Augustus Croffut,A Living Memory,464
III. Second Lyrical Period - Division I - Additional Selections,John Burroughs,Waiting,464
III. Second Lyrical Period - Division I - Additional Selections,Mary Mathews Adams,Dead Love,464
III. Second Lyrical Period - Division I - Additional Selections,Laura Redden Searing,Disarmed,465
III. Second Lyrical Period - Division I - Additional Selections,Wendell Phillips Garrison,Post-Meridian: Afternoon,465
III. Second Lyrical Period - Division I - Additional Selections,Wendell Phillips Garrison,Post-Meridian: Evening,465
III. Second Lyrical Period - Division I - Additional Selections,Louisa May Alcott,Thoreau's Flute,465
III. Second Lyrical Period - Division I - Additional Selections,John James Ingalls,Opportunity,466
III. Second Lyrical Period - Division I - Additional Selections,Edward Howland,The Condemned,466
III. Second Lyrical Period - Division I - Additional Selections,Minot Judson Savage,My Birth,466
III. Second Lyrical Period - Division I - Additional Selections,Sarah Knowles Bolton,The Inevitable,467
III. Second Lyrical Period - Division I - Additional Selections,Thomas Stephens Collier,Quatrains: Time,467
III. Second Lyrical Period - Division I - Additional Selections,Thomas Stephens Collier,Quatrains: Infallibility,467
III. Second Lyrical Period - Division I - Additional Selections,Thomas Stephens Collier,Quatrains: Power,467
III. Second Lyrical Period - Division I - Additional Selections,Thomas Stephens Collier,Quatrains: Disappointment,467
III. Second Lyrical Period - Division I - Additional Selections,Thomas Stephens Collier,Quatrains: Compensation,467
III. Second Lyrical Period - Division I - Additional Selections,William Croswell Doane,Ancient of Days,468
III. Second Lyrical Period - Division I - Additional Selections,Phillips Brooks,O Little Town of Bethlehem,468
III. Second Lyrical Period - Division I - Additional Selections,Mary Frances Butts,In Galilee,468
III. Second Lyrical Period - Division I - Additional Selections,David Banks Sickels,Reincarnation,469
III. Second Lyrical Period - Division I - Additional Selections,Frank Sewall,"Roll Out, O Song",469
III. Second Lyrical Period - Division I - Additional Selections,Mary Gardiner Brainard,Not Knowing,469
III. Second Lyrical Period - Division I - Additional Selections,Benjamin Dionysius Hill,To St. Mary Magdalen,470
III. Second Lyrical Period - Division I - Additional Selections,Eugene Henry Pullen,Now I lay me down to sleep,470
III. Second Lyrical Period - Division I - Additional Selections,Annie Douglas Robinson,One Saturday,470
III. Second Lyrical Period - Division I - Additional Selections,Marguerite Elizabeth Easter,My Laddie's Hounds,471
III. Second Lyrical Period - Division I - Additional Selections,Charles Monroe Dickinson,The Children,471
III. Second Lyrical Period - Division I - Additional Selections,Laurence Hutton,"""The Doves of Venice""",472
III. Second Lyrical Period - Division I - Additional Selections,Harriet S. Morgridge,Mother Goose Sonnets: Jack and Jill,473
III. Second Lyrical Period - Division I - Additional Selections,Harriet S. Morgridge,Mother Goose Sonnets: Simple Simon,473
III. Second Lyrical Period - Division I - Additional Selections,George Thomas Lanigan,A Threnody,473
III. Second Lyrical Period - Division II,Richard Watson Gilder,Ode,474
III. Second Lyrical Period - Division II,Richard Watson Gilder,The Celestial Passion,475
III. Second Lyrical Period - Division II,Richard Watson Gilder,I count my Time by Times that I meet thee,475
III. Second Lyrical Period - Division II,Richard Watson Gilder,Songs,475
III. Second Lyrical Period - Division II,Richard Watson Gilder,On the Life-Mask of Abraham Lincoln,475
III. Second Lyrical Period - Division II,Richard Watson Gilder,The Sonnet,476
III. Second Lyrical Period - Division II,Richard Watson Gilder,Evening in the Tyringham Valley,476
III. Second Lyrical Period - Division II,Richard Watson Gilder,Sherman,476
III. Second Lyrical Period - Division II,Richard Watson Gilder,Hast thou heard the Nightingale?,476
III. Second Lyrical Period - Division II,Richard Watson Gilder,The Cello,477
III. Second Lyrical Period - Division II,Richard Watson Gilder,A Child,477
III. Second Lyrical Period - Division II,Richard Watson Gilder,"Ah, be not False",477
III. Second Lyrical Period - Division II,Richard Watson Gilder,Of one who neither sees nor hears,477
III. Second Lyrical Period - Division II,Richard Watson Gilder,The Birds of Bethlehem,478
III. Second Lyrical Period - Division II,Richard Watson Gilder,Noel,478
III. Second Lyrical Period - Division II,Richard Watson Gilder,The Song of a Heathen,478
III. Second Lyrical Period - Division II,Richard Watson Gilder,The Heroic Age,478
III. Second Lyrical Period - Division II,Richard Watson Gilder,After-Song,478
III. Second Lyrical Period - Division II,Edward Willard Watson,Absolution,479
III. Second Lyrical Period - Division II,John Boyle O'Reilly,"From ""Wendell Phillips""",480
III. Second Lyrical Period - Division II,John Boyle O'Reilly,At Best,480
III. Second Lyrical Period - Division II,John Boyle O'Reilly,An Art Master,480
III. Second Lyrical Period - Division II,John Boyle O'Reilly,A Savage,480
III. Second Lyrical Period - Division II,John Boyle O'Reilly,A White Rose,481
III. Second Lyrical Period - Division II,John Boyle O'Reilly,Mayflower,481
III. Second Lyrical Period - Division II,Elizabeth Stuart Phelps Ward,The Lost Colors,481
III. Second Lyrical Period - Division II,Elizabeth Stuart Phelps Ward,The Room's Width,482
III. Second Lyrical Period - Division II,Elizabeth Stuart Phelps Ward,Gloucester Harbor,482
III. Second Lyrical Period - Division II,Francis Howard Williams,Electra,483
III. Second Lyrical Period - Division II,Francis Howard Williams,Walt Whitman,483
III. Second Lyrical Period - Division II,Francis Howard Williams,Song,483
III. Second Lyrical Period - Division II,Maurice Thompson,The Lion's Cub,483
III. Second Lyrical Period - Division II,Maurice Thompson,An Early Bluebird,484
III. Second Lyrical Period - Division II,Maurice Thompson,Written on a Fly-Leaf of Theocritus,485
III. Second Lyrical Period - Division II,Maurice Thompson,A Flight Shot,485
III. Second Lyrical Period - Division II,Maurice Thompson,A Creole Slave Song,485
III. Second Lyrical Period - Division II,Maurice Thompson,"A Prophecy - From ""Lincoln's Grave""",486
III. Second Lyrical Period - Division II,Mary Thacher Higginson,Changelings,486
III. Second Lyrical Period - Division II,Mary Thacher Higginson,In the Dark,486
III. Second Lyrical Period - Division II,Mary Thacher Higginson,Ghost-Flowers,487
III. Second Lyrical Period - Division II,Mary Thacher Higginson,Inheritance,487
III. Second Lyrical Period - Division II,John Henry Boner,Poe's Cottage at Fordham,487
III. Second Lyrical Period - Division II,John Henry Boner,Remembrance,488
III. Second Lyrical Period - Division II,John Henry Boner,We walked among the Whispering Pines,488
III. Second Lyrical Period - Division II,John Henry Boner,The Light'ood Fire,488
III. Second Lyrical Period - Division II,John Banister Tabb,Evolution,489
III. Second Lyrical Period - Division II,John Banister Tabb,The Water-Lily,489
III. Second Lyrical Period - Division II,John Banister Tabb,To Shelley,489
III. Second Lyrical Period - Division II,John Banister Tabb,The Sisters,489
III. Second Lyrical Period - Division II,John Banister Tabb,Anonymous,489
III. Second Lyrical Period - Division II,John Banister Tabb,Clover,489
III. Second Lyrical Period - Division II,John Banister Tabb,The Departed,489
III. Second Lyrical Period - Division II,John Banister Tabb,Indian Summer,490
III. Second Lyrical Period - Division II,John Banister Tabb,The Druid,490
III. Second Lyrical Period - Division II,John Banister Tabb,The Child,490
III. Second Lyrical Period - Division II,John Banister Tabb,Quatrains: The Bubble,490
III. Second Lyrical Period - Division II,John Banister Tabb,Quatrains: Becalmed,490
III. Second Lyrical Period - Division II,John Banister Tabb,Quatrains: Fame,490
III. Second Lyrical Period - Division II,Sarah Chauncey Woolsey,Helen,491
III. Second Lyrical Period - Division II,Sarah Chauncey Woolsey,Gulf Stream,491
III. Second Lyrical Period - Division II,Gertrude Bloede,Night after Night,492
III. Second Lyrical Period - Division II,Gertrude Bloede,My Father's Child,492
III. Second Lyrical Period - Division II,Gertrude Bloede,"Soul, wherefore fret Thee?",492
III. Second Lyrical Period - Division II,Will Carleton,"Out of the Old House, Nancy",492
III. Second Lyrical Period - Division II,Ina Coolbrith,When the Grass shall cover me,494
III. Second Lyrical Period - Division II,Ina Coolbrith,The Mariposa Lily,495
III. Second Lyrical Period - Division II,Ina Coolbrith,Fruitionless,495
III. Second Lyrical Period - Division II,Ina Coolbrith,Helen Hunt Jackson,495
III. Second Lyrical Period - Division II,Lloyd Mifflin,The Sovereigns,496
III. Second Lyrical Period - Division II,Lloyd Mifflin,Milton,496
III. Second Lyrical Period - Division II,Lloyd Mifflin,The Ship,496
III. Second Lyrical Period - Division II,Lloyd Mifflin,To an Old Venetian Wine-Glass,496
III. Second Lyrical Period - Division II,Lloyd Mifflin,Theseus and Ariadne,496
III. Second Lyrical Period - Division II,Lloyd Mifflin,To the Milkweed,497
III. Second Lyrical Period - Division II,Lloyd Mifflin,To a Maple Seed,497
III. Second Lyrical Period - Division II,Lloyd Mifflin,Sesostris,497
III. Second Lyrical Period - Division II,Lloyd Mifflin,The Doors,497
III. Second Lyrical Period - Division II,Lloyd Mifflin,The Flight,498
III. Second Lyrical Period - Division II,Lloyd Mifflin,Fiat Lux,498
III. Second Lyrical Period - Division II,James Jeffrey Roche,The Kearsarge,498
III. Second Lyrical Period - Division II,James Jeffrey Roche,Andromeda,498
III. Second Lyrical Period - Division II,James Jeffrey Roche,My Comrade,499
III. Second Lyrical Period - Division II,James Jeffrey Roche,The Skeleton at the Feast,499
III. Second Lyrical Period - Division II,Alice Wellington Rollins,The Death of Azron,499
III. Second Lyrical Period - Division II,Alice Wellington Rollins,"Many Things thou hast given me, Dear Heart",500
III. Second Lyrical Period - Division II,Alice Wellington Rollins,Vita Benefica,500
III. Second Lyrical Period - Division II,Alice Williams Brotherton,The Blazing Heart,501
III. Second Lyrical Period - Division II,Alice Williams Brotherton,My Enemy,501
III. Second Lyrical Period - Division II,Walter Learned,With a Spray of Apple Blossoms,502
III. Second Lyrical Period - Division II,Walter Learned,The Last Reservation,502
III. Second Lyrical Period - Division II,Walter Learned,On the Fly-Leaf of Manon Lescaut,502
III. Second Lyrical Period - Division II,Walter Learned,In Explanation,503
III. Second Lyrical Period - Division II,Walter Learned,To Critics,503
III. Second Lyrical Period - Division II,Henry Augustin Beers,Posthumous,503
III. Second Lyrical Period - Division II,Henry Augustin Beers,On a Miniature,504
III. Second Lyrical Period - Division II,Henry Augustin Beers,Biftek aux Champignons,504
III. Second Lyrical Period - Division II,Henry Augustin Beers,Ecce in Deserto,505
III. Second Lyrical Period - Division II,Henry Augustin Beers,The Singer of One Song,505
III. Second Lyrical Period - Division II,Arthur Sherburne Hardy,Duality,505
III. Second Lyrical Period - Division II,Arthur Sherburne Hardy,Immortality,506
III. Second Lyrical Period - Division II,Arthur Sherburne Hardy,Iter Supremum,506
III. Second Lyrical Period - Division II,William Young,"From ""Wishmakers' Town"": The Bells",506
III. Second Lyrical Period - Division II,William Young,"From ""Wishmakers' Town"": The Flower-Seller",506
III. Second Lyrical Period - Division II,William Young,"From ""Wishmakers' Town"": The Conscience-Keeper",507
III. Second Lyrical Period - Division II,William Young,"From ""Wishmakers' Town"": The Pawns",507
III. Second Lyrical Period - Division II,William Young,"From ""Wishmakers' Town"": The Bridal Pair",507
III. Second Lyrical Period - Division II,William Young,Judith,508
III. Second Lyrical Period - Division II,William Young,Philomel to Corydon,508
III. Second Lyrical Period - Division II,Will Henry Thompson,The High Tide at Gettysburg,508
III. Second Lyrical Period - Division II,Will Henry Thompson,Come Love or Death,509
III. Second Lyrical Period - Division II,Charles De Kay,Arcana Sylvarum,509
III. Second Lyrical Period - Division II,Charles De Kay,Ulf in Ireland,510
III. Second Lyrical Period - Division II,Edward King,The Tsigane's Canzonet,511
III. Second Lyrical Period - Division II,Edward King,A Woman's Execution,512
III. Second Lyrical Period - Division II,Hjalmar Hjorth Boyesen,Thoralf and Synnov,512
III. Second Lyrical Period - Division II,Joel Chandler Harris,The Plough-Hands' Song,513
III. Second Lyrical Period - Division II,Joel Chandler Harris,"My Honey, My Love",514
III. Second Lyrical Period - Division II,John Vance Cheney,The Happiest Heart,515
III. Second Lyrical Period - Division II,John Vance Cheney,The Strong,515
III. Second Lyrical Period - Division II,John Vance Cheney,Every one to his own Way,515
III. Second Lyrical Period - Division II,John Vance Cheney,Evening Songs,515
III. Second Lyrical Period - Division II,John Vance Cheney,The Skilful Listener,516
III. Second Lyrical Period - Division II,John Vance Cheney,Whither,516
III. Second Lyrical Period - Division II,O. C. Auringer,The Flight of the War-Eagle,516
III. Second Lyrical Period - Division II,O. C. Auringer,The Ballad of Oriskany,517
III. Second Lyrical Period - Division II,O. C. Auringer,April,518
III. Second Lyrical Period - Division II,Emma Lazarus,On the Proposal to erect a Monument in England to Lord Byron,518
III. Second Lyrical Period - Division II,Emma Lazarus,Venus of the Louvre,519
III. Second Lyrical Period - Division II,Emma Lazarus,The Cranes of Ibycus,519
III. Second Lyrical Period - Division II,Emma Lazarus,The Banner of the Jew,519
III. Second Lyrical Period - Division II,Emma Lazarus,The Crowing of the Red Cock,520
III. Second Lyrical Period - Division II,Emma Lazarus,The New Ezekiel,520
III. Second Lyrical Period - Division II,Grace Denio Litchfield,My Letter,521
III. Second Lyrical Period - Division II,Grace Denio Litchfield,To a Hurt Child,521
III. Second Lyrical Period - Division II,Grace Denio Litchfield,My Other Me,521
III. Second Lyrical Period - Division II,Francis Saltus Saltus,The Andalusian Sereno,521
III. Second Lyrical Period - Division II,Francis Saltus Saltus,The Sphinx speaks,522
III. Second Lyrical Period - Division II,Francis Saltus Saltus,The Bayadere,522
III. Second Lyrical Period - Division II,Francis Saltus Saltus,Pastel,523
III. Second Lyrical Period - Division II,Francis Saltus Saltus,The Ideal,523
III. Second Lyrical Period - Division II,Lucy White Jennison,A Dream of Death - Helena,523
III. Second Lyrical Period - Division II,Lucy White Jennison,Bondage,524
III. Second Lyrical Period - Division II,Lucy White Jennison,The Burden of Love,524
III. Second Lyrical Period - Division II,Laura Elizabeth Richards,A Song of Two Angels,524
III. Second Lyrical Period - Division II,Laura Elizabeth Richards,Where Helen sits,525
III. Second Lyrical Period - Division II,Laura Elizabeth Richards,A Valentine,525
III. Second Lyrical Period - Division II,George Houghton,Sandy Hook,525
III. Second Lyrical Period - Division II,George Houghton,The Handsel Ring,525
III. Second Lyrical Period - Division II,George Houghton,The Manor Lord,526
III. Second Lyrical Period - Division II,Eugene Field,"Wynken, Blynken, and Nod",526
III. Second Lyrical Period - Division II,Eugene Field,Garden and Cradle,527
III. Second Lyrical Period - Division II,Eugene Field,In the Firelight,527
III. Second Lyrical Period - Division II,Eugene Field,Nightfall in Dordrecht,527
III. Second Lyrical Period - Division II,Eugene Field,The Dinkey-Bird,528
III. Second Lyrical Period - Division II,Eugene Field,Little Boy Blue,528
III. Second Lyrical Period - Division II,Eugene Field,The Lyttel Boy,528
III. Second Lyrical Period - Division II,Eugene Field,Our Two Opinions,529
III. Second Lyrical Period - Division II,Eugene Field,The Bibliomaniac's Prayer,529
III. Second Lyrical Period - Division II,Eugene Field,Dibdin's Ghost,529
III. Second Lyrical Period - Division II,Eugene Field,Echoes from the Sabine Farm: To the Fountain of Bandusia,530
III. Second Lyrical Period - Division II,Eugene Field,Echoes from the Sabine Farm: To Leuconoe - I,530
III. Second Lyrical Period - Division II,Eugene Field,Echoes from the Sabine Farm: To Leuconoe - II,531
III. Second Lyrical Period - Division II,Robert Burns Wilson,It is in Winter that we dream of Spring,531
III. Second Lyrical Period - Division II,Robert Burns Wilson,The Dead Player,531
III. Second Lyrical Period - Division II,Robert Burns Wilson,To a Crow,531
III. Second Lyrical Period - Division II,Robert Burns Wilson,The Sunrise of the Poor,532
III. Second Lyrical Period - Division II,Robert Burns Wilson,Such is the Death the Soldier dies,532
III. Second Lyrical Period - Division II,Robert Burns Wilson,Ballad of the Faded Field,532
III. Second Lyrical Period - Division II,Arlo Bates,"America - From the ""Torch Bearers""",533
III. Second Lyrical Period - Division II,Arlo Bates,In Paradise,533
III. Second Lyrical Period - Division II,Arlo Bates,The Cyclamen,533
III. Second Lyrical Period - Division II,Arlo Bates,Conceits: Kitty's Laugh,534
III. Second Lyrical Period - Division II,Arlo Bates,"Conceits: Kitty's ""No""",534
III. Second Lyrical Period - Division II,Arlo Bates,Like to a Coin,534
III. Second Lyrical Period - Division II,Arlo Bates,The Watchers,534
III. Second Lyrical Period - Division II,Arlo Bates,On the Road to Chorrera,534
III. Second Lyrical Period - Division II,Arlo Bates,A Winter Twilight,535
III. Second Lyrical Period - Division II,Florence Earle Coates,Perdita,535
III. Second Lyrical Period - Division II,Florence Earle Coates,Survival,535
III. Second Lyrical Period - Division II,Florence Earle Coates,India,535
III. Second Lyrical Period - Division II,Florence Earle Coates,Tennyson,536
III. Second Lyrical Period - Division II,Florence Earle Coates,Songs: The World is Mine,536
III. Second Lyrical Period - Division II,Florence Earle Coates,Songs: To-Morrow,536
III. Second Lyrical Period - Division II,George Parsons Lathrop,The Flown Soul,536
III. Second Lyrical Period - Division II,George Parsons Lathrop,South-Wind,537
III. Second Lyrical Period - Division II,George Parsons Lathrop,The Sunshine of thine Eyes,537
III. Second Lyrical Period - Division II,George Parsons Lathrop,Remembrance,537
III. Second Lyrical Period - Division II,George Parsons Lathrop,The Voice of the Void,537
III. Second Lyrical Period - Division II,George Parsons Lathrop,The Child's Wish granted,537
III. Second Lyrical Period - Division II,George Parsons Lathrop,Keenan's Charge,538
III. Second Lyrical Period - Division II,Rose Hawthorne Lathrop,Give me not Tears,539
III. Second Lyrical Period - Division II,Rose Hawthorne Lathrop,Dorothy,539
III. Second Lyrical Period - Division II,Rose Hawthorne Lathrop,A Song before Grief,540
III. Second Lyrical Period - Division II,Rose Hawthorne Lathrop,The Clock's Song,540
III. Second Lyrical Period - Division II,Charles Francis Richardson,Prayer,540
III. Second Lyrical Period - Division II,Charles Francis Richardson,After Death,541
III. Second Lyrical Period - Division II,Charles Francis Richardson,A Conjecture,541
III. Second Lyrical Period - Division II,Edwin Markham,The Man with the Hoe,541
III. Second Lyrical Period - Division II,Edwin Markham,My Comrade,542
III. Second Lyrical Period - Division II,Edwin Markham,Poetry,542
III. Second Lyrical Period - Division II,Edwin Markham,A Look into the Gulf,542
III. Second Lyrical Period - Division II,Edwin Markham,The Last Furrow,542
III. Second Lyrical Period - Division II,Edwin Markham,The Whirlwind Road,542
III. Second Lyrical Period - Division II,Edwin Markham,Joy of the Morning,543
III. Second Lyrical Period - Division II,Richard Edwin Day,England,543
III. Second Lyrical Period - Division II,Richard Edwin Day,To Shakespeare,543
III. Second Lyrical Period - Division II,Maurice Francis Egan,Maurice de Guerin,543
III. Second Lyrical Period - Division II,Maurice Francis Egan,He made us Free,544
III. Second Lyrical Period - Division II,Maurice Francis Egan,The Old Violin,544
III. Second Lyrical Period - Division II,Maurice Francis Egan,The Shamrock,544
III. Second Lyrical Period - Division II,Nathan Haskell Dole,Russia,545
III. Second Lyrical Period - Division II,Nathan Haskell Dole,To an Imperilled Traveller,545
III. Second Lyrical Period - Division II,Nathan Haskell Dole,A Russian Fantasy,545
III. Second Lyrical Period - Division II,Henry van Dyke,An Angler's Wish,545
III. Second Lyrical Period - Division II,Henry van Dyke,The Veery,546
III. Second Lyrical Period - Division II,Henry van Dyke,Roslin and Hawthornden,546
III. Second Lyrical Period - Division II,Henry van Dyke,The Lily of Yorrow,546
III. Second Lyrical Period - Division II,Henry van Dyke,Tennyson,547
III. Second Lyrical Period - Division II,Henry van Dyke,Four Things,547
III. Second Lyrical Period - Division II,Joseph I. C. Clarke,The Fighting Race,547
III. Second Lyrical Period - Division II,Charles Henry Phelps,Henry Ward Beecher,548
III. Second Lyrical Period - Division II,Charles Henry Phelps,Rare Moments,549
III. Second Lyrical Period - Division II,Charles Henry Phelps,Yuma,549
III. Second Lyrical Period - Division II,Robert Underwood Johnson,"From ""The Voice of Webster""",549
III. Second Lyrical Period - Division II,Robert Underwood Johnson,As a Bell in a Chime,550
III. Second Lyrical Period - Division II,Robert Underwood Johnson,The Wistful Days,550
III. Second Lyrical Period - Division II,Robert Underwood Johnson,In Tesla's Laboratory,550
III. Second Lyrical Period - Division II,Robert Underwood Johnson,Browning at Asolo,551
III. Second Lyrical Period - Division II,Robert Underwood Johnson,The Blossom of the Soul,551
III. Second Lyrical Period - Division II,Richard Kendall Munkittrick,At the Shrine,551
III. Second Lyrical Period - Division II,Richard Kendall Munkittrick,Ghosts,551
III. Second Lyrical Period - Division II,Richard Kendall Munkittrick,A Bulb,552
III. Second Lyrical Period - Division II,Richard Kendall Munkittrick,To Miguel de Cervantes Saavadra,552
III. Second Lyrical Period - Division II,Craven Langstroth Betts,The Hollyhocks,552
III. Second Lyrical Period - Division II,Craven Langstroth Betts,Don Quixote,552
III. Second Lyrical Period - Division II,Craven Langstroth Betts,To the Moonflower,553
III. Second Lyrical Period - Division II,Ellen Mackay Hutchinson Cortissoz,Moth-Song,553
III. Second Lyrical Period - Division II,Ellen Mackay Hutchinson Cortissoz,Her Picture,553
III. Second Lyrical Period - Division II,Ellen Mackay Hutchinson Cortissoz,On Kingston Bridge,553
III. Second Lyrical Period - Division II,Ellen Mackay Hutchinson Cortissoz,So wags the World,554
III. Second Lyrical Period - Division II,Ellen Mackay Hutchinson Cortissoz,Praise-God Barebones,554
III. Second Lyrical Period - Division II,Ellen Mackay Hutchinson Cortissoz,Pamela in Town,555
III. Second Lyrical Period - Division II,Ellen Mackay Hutchinson Cortissoz,April Fantasie,555
III. Second Lyrical Period - Division II,Ellen Mackay Hutchinson Cortissoz,Quaker Ladies,555
III. Second Lyrical Period - Division II,Ellen Mackay Hutchinson Cortissoz,The Bride's Toilette,556
III. Second Lyrical Period - Division II,Ellen Mackay Hutchinson Cortissoz,A Cry from the Shore,556
III. Second Lyrical Period - Division II,Ellen Mackay Hutchinson Cortissoz,Sea-Way,557
III. Second Lyrical Period - Division II,Ellen Mackay Hutchinson Cortissoz,Harvest,557
III. Second Lyrical Period - Division II,Thomas Nelson Page,Uncle Gabe's White Folks,557
III. Second Lyrical Period - Division II,Thomas Nelson Page,Ashcake,558
III. Second Lyrical Period - Division II,James Whitcomb Riley,When she comes Home,559
III. Second Lyrical Period - Division II,James Whitcomb Riley,The Old Man and Jim,559
III. Second Lyrical Period - Division II,James Whitcomb Riley,A Life-Lesson,560
III. Second Lyrical Period - Division II,James Whitcomb Riley,The Way the Baby woke,560
III. Second Lyrical Period - Division II,James Whitcomb Riley,The Way the Baby slept,561
III. Second Lyrical Period - Division II,James Whitcomb Riley,Bereaved,561
III. Second Lyrical Period - Division II,James Whitcomb Riley,Ike Walton's Prayer,561
III. Second Lyrical Period - Division II,James Whitcomb Riley,On the Death of Little Mahala Ashcraft,561
III. Second Lyrical Period - Division II,James Whitcomb Riley,Little Orphant Annie,562
III. Second Lyrical Period - Division II,James Whitcomb Riley,"Dwainie - From ""The Flying Islands of the Night""",563
III. Second Lyrical Period - Division II,James Whitcomb Riley,Honey dripping from the Comb,563
III. Second Lyrical Period - Division II,James Whitcomb Riley,A Man by the Name of Bolus,563
III. Second Lyrical Period - Division II,James Whitcomb Riley,Longfellow,564
III. Second Lyrical Period - Division II,James Whitcomb Riley,Love's Prayer,564
III. Second Lyrical Period - Division II,Louis James Block,The Garden where there is no Winter,564
III. Second Lyrical Period - Division II,Louis James Block,Tuberose,565
III. Second Lyrical Period - Division II,Louis James Block,Fate,565
III. Second Lyrical Period - Division II,Louis James Block,Work,565
III. Second Lyrical Period - Division II,Maybury Fleming,To Demeter,566
III. Second Lyrical Period - Division II,Maybury Fleming,What though the Green Leaf grow?,566
III. Second Lyrical Period - Division II,Maybury Fleming,To Sleep,566
III. Second Lyrical Period - Division II,William Cranston Lawton,"Song, Youth, and Sorrow",567
III. Second Lyrical Period - Division II,William Cranston Lawton,My Fatherland,567
III. Second Lyrical Period - Division II,Katherine Eleanor Conway,The Heaviest Cross of all,567
III. Second Lyrical Period - Division II,Katherine Eleanor Conway,Saturninus,568
III. Second Lyrical Period - Division II,Irwin Russell,De Fust Banjo,568
III. Second Lyrical Period - Division II,Charles Leonard Moore,To England,569
III. Second Lyrical Period - Division II,Charles Leonard Moore,"From the ""Book of Day-Dreams"": Soul unto Soul glooms darkling",570
III. Second Lyrical Period - Division II,Charles Leonard Moore,"From the ""Book of Day-Dreams"": Disenchantment",570
III. Second Lyrical Period - Division II,Charles Leonard Moore,"From the ""Book of Day-Dreams"": Or ever the Earth was",571
III. Second Lyrical Period - Division II,Charles Leonard Moore,"From the ""Book of Day-Dreams"": Thou livest, O Soul!",571
III. Second Lyrical Period - Division II,Charles Leonard Moore,"From the ""Book of Day-Dreams"": Then shall we see",571
III. Second Lyrical Period - Division II,Edith Matilda Thomas,The Betrayal of the Rose,571
III. Second Lyrical Period - Division II,Edith Matilda Thomas,The Tears of the Poplars,572
III. Second Lyrical Period - Division II,Edith Matilda Thomas,The Quiet Pilgrim,572
III. Second Lyrical Period - Division II,Edith Matilda Thomas,Mother England,573
III. Second Lyrical Period - Division II,Edith Matilda Thomas,Breath of Hampstead Heath,573
III. Second Lyrical Period - Division II,Edith Matilda Thomas,Thefts of the Morning,574
III. Second Lyrical Period - Division II,Edith Matilda Thomas,Frost,574
III. Second Lyrical Period - Division II,Edith Matilda Thomas,Quatrains: The Soul in the Body,574
III. Second Lyrical Period - Division II,Edith Matilda Thomas,Quatrains: Insomnia,575
III. Second Lyrical Period - Division II,Edith Matilda Thomas,Quatrains: To Imagination,575
III. Second Lyrical Period - Division II,Edith Matilda Thomas,A Far Cry to Heaven,575
III. Second Lyrical Period - Division II,Edith Matilda Thomas,The Mother who died too,575
III. Second Lyrical Period - Division II,Edith Matilda Thomas,Winter Sleep,575
III. Second Lyrical Period - Division II,Edith Matilda Thomas,"From ""The Inverted Torch"": When in the First Great Hour",576
III. Second Lyrical Period - Division II,Edith Matilda Thomas,"From ""The Inverted Torch"": Tell me",576
III. Second Lyrical Period - Division II,Edith Matilda Thomas,"From ""The Inverted Torch"": If still they live",576
III. Second Lyrical Period - Division II,Edith Matilda Thomas,"From ""The Inverted Torch"": Will it be so?",576
III. Second Lyrical Period - Division II,Samuel Minturn Peck,Sassafras,576
III. Second Lyrical Period - Division II,Samuel Minturn Peck,A Southern Girl,577
III. Second Lyrical Period - Division II,Samuel Minturn Peck,The Captain's Feather,577
III. Second Lyrical Period - Division II,Samuel Minturn Peck,My Little Girl,577
III. Second Lyrical Period - Division II,Arthur Wentworth Hamilton Eaton,Pray for the Dead,578
III. Second Lyrical Period - Division II,Arthur Wentworth Hamilton Eaton,The Egyptian Lotus,578
III. Second Lyrical Period - Division II - Additional Selections,Margaret Thomson Janvier,Little Wild Baby,579
III. Second Lyrical Period - Division II - Additional Selections,David Starr Jordan,Viverols,579
III. Second Lyrical Period - Division II - Additional Selections,Mary Kyle Dallas,He'd nothing but his Violin,580
III. Second Lyrical Period - Division II - Additional Selections,Homer Greene,What my Lover said,580
III. Second Lyrical Period - Division II - Additional Selections,Ella Dietz Glynes,Unless,581
III. Second Lyrical Period - Division II - Additional Selections,George Tracy Elliot,Winter Twilight,581
III. Second Lyrical Period - Division II - Additional Selections,Chauncey Hickox,Under the Red Cross,581
III. Second Lyrical Period - Division II - Additional Selections,Emma Huntington Nason,A Child's Question,582
III. Second Lyrical Period - Division II - Additional Selections,Lilian Whiting,The Mystery,582
III. Second Lyrical Period - Division II - Additional Selections,Richard Rogers Bowker,Thomas a Kempis,582
III. Second Lyrical Period - Division II - Additional Selections,Arthur Peterson,Kelpius's Hymn,582
III. Second Lyrical Period - Division II - Additional Selections,Wallace Bruce,Two Argosies,583
III. Second Lyrical Period - Division II - Additional Selections,Frederick Wadsworth Loring,In the Old Churchyard at Fredericksburg,583
III. Second Lyrical Period - Division II - Additional Selections,Eugene Fitch Ware,The Aztec City,584
III. Second Lyrical Period - Division II - Additional Selections,Julian Hawthorne,Were-Wolf,585
III. Second Lyrical Period - Division II - Additional Selections,Ernest Francisco Fenollosa,The Golden Age,585
III. Second Lyrical Period - Division II - Additional Selections,John Vance Cheney,The Man with the Hoe - A Reply,586
III. Second Lyrical Period - Division II - Additional Selections,Agnes Carter Mason,"""Gossamer Weft"": Whenever a Little Child is born",587
III. Second Lyrical Period - Division II - Additional Selections,Emily Dickinson,Morning,587
III. Second Lyrical Period - Division II - Additional Selections,Mary Mapes Dodge,Snowflakes,587
III. Second Lyrical Period - Division II - Additional Selections,Henrietta R. Eliot,Why it was cold in May,587
III. Second Lyrical Period - Division II - Additional Selections,Clara Doty Bates,Thistle-down,587
III. Second Lyrical Period - Division II - Additional Selections,Edith Matilda Thomas,A Little Boy's Vain Regret,588
III. Second Lyrical Period - Division II - Additional Selections,Anna M. Pratt,A Mortifying Mistake,588
III. Second Lyrical Period - Division II - Additional Selections,Anna M. Pratt,Early News,588
III. Second Lyrical Period - Division II - Additional Selections,Mary Frances Butts,A Million Little Diamonds,588
III. Second Lyrical Period - Division II - Additional Selections,George Cooper,Only One,588
III. Second Lyrical Period - Division II - Additional Selections,Josiah Gilbert Holland,Lullaby,588
III. Second Lyrical Period - Division II - Additional Selections,George Washington Cable,Impromptus: Written in the Visitors' Book at the Birthplace of Robert Burns,589
III. Second Lyrical Period - Division II - Additional Selections,George Washington Cable,Impromptus: The New Arrival,589
III. Second Lyrical Period - Division II - Additional Selections,George Augustus Baker,Thoughts on the Commandments,589
III. Second Lyrical Period - Division II - Additional Selections,Brander Matthews,An American Girl,589
III. Second Lyrical Period - Division II - Additional Selections,William De Lancey Ellwanger,To Jessie's Dancing Feet,590
III. Second Lyrical Period - Division III,George Edward Woodberry,"From ""Wild Eden"": When First I saw her",590
III. Second Lyrical Period - Division III,George Edward Woodberry,"From ""Wild Eden"": The Secret",590
III. Second Lyrical Period - Division III,George Edward Woodberry,"From ""Wild Eden"": O, Inexpressible as sweet",591
III. Second Lyrical Period - Division III,George Edward Woodberry,"From ""Wild Eden"": The Rose of Stars",591
III. Second Lyrical Period - Division III,George Edward Woodberry,"From ""Wild Eden"": Divine Awe",591
III. Second Lyrical Period - Division III,George Edward Woodberry,"From ""Wild Eden"": Homeward Bound",591
III. Second Lyrical Period - Division III,George Edward Woodberry,"From ""Wild Eden"": The Child",592
III. Second Lyrical Period - Division III,George Edward Woodberry,"From ""Wild Eden"": O, Struck beneath the Laurel",592
III. Second Lyrical Period - Division III,George Edward Woodberry,"From ""Wild Eden"": So slow to die",592
III. Second Lyrical Period - Division III,George Edward Woodberry,"From ""Wild Eden"": Seaward",592
III. Second Lyrical Period - Division III,George Edward Woodberry,"From ""My Country""",593
III. Second Lyrical Period - Division III,George Edward Woodberry,On a Portrait of Columbus,594
III. Second Lyrical Period - Division III,George Edward Woodberry,America to England,594
III. Second Lyrical Period - Division III,George Edward Woodberry,At Gibraltar,594
III. Second Lyrical Period - Division III,George Edward Woodberry,Love's Rosary,595
III. Second Lyrical Period - Division III,George Edward Woodberry,"Song of Eros, in ""Agathon""",595
III. Second Lyrical Period - Division III,Francis Barton Gummere,John Bright,595
III. Second Lyrical Period - Division III,Henry Cuyler Bunner,The Way to Arcady,596
III. Second Lyrical Period - Division III,Henry Cuyler Bunner,She was a Beauty,597
III. Second Lyrical Period - Division III,Henry Cuyler Bunner,A Pitcher of Mignonette,597
III. Second Lyrical Period - Division III,Henry Cuyler Bunner,Deaf,597
III. Second Lyrical Period - Division III,Henry Cuyler Bunner,Les Morts vont vite,598
III. Second Lyrical Period - Division III,Henry Cuyler Bunner,The Appeal to Harold,598
III. Second Lyrical Period - Division III,Henry Cuyler Bunner,On Reading a Poet's First Book,598
III. Second Lyrical Period - Division III,Henry Cuyler Bunner,Feminine,599
III. Second Lyrical Period - Division III,Henry Cuyler Bunner,J. B.,599
III. Second Lyrical Period - Division III,Henry Cuyler Bunner,To a June Breeze,599
III. Second Lyrical Period - Division III,Henry Cuyler Bunner,The Chaperon,600
III. Second Lyrical Period - Division III,Wilbur Larremore,Madam Hickory,600
III. Second Lyrical Period - Division III,Wilbur Larremore,Blossom Time,600
III. Second Lyrical Period - Division III,Elisabeth Cavazza Pullen,Her Shadow,601
III. Second Lyrical Period - Division III,Elisabeth Cavazza Pullen,Alicia's Bonnet,601
III. Second Lyrical Period - Division III,Elisabeth Cavazza Pullen,Love and Poverty,602
III. Second Lyrical Period - Division III,Elisabeth Cavazza Pullen,Derelict,602
III. Second Lyrical Period - Division III,Elisabeth Cavazza Pullen,The Sea-Weed,603
III. Second Lyrical Period - Division III,Daniel Lewis Dawson,The Seeker in the Marshes,603
III. Second Lyrical Period - Division III,Lewis Frank Tooker,The Last Fight,604
III. Second Lyrical Period - Division III,Lewis Frank Tooker,Sleep,606
III. Second Lyrical Period - Division III,Lewis Frank Tooker,His Quest,606
III. Second Lyrical Period - Division III,Armistead Churchill Gordon,Kree,606
III. Second Lyrical Period - Division III,Armistead Churchill Gordon,Roses of Memory,607
III. Second Lyrical Period - Division III,Edward Sanford Martin,A Girl of Pompeii,608
III. Second Lyrical Period - Division III,Edward Sanford Martin,A Little Brother of the Rich,608
III. Second Lyrical Period - Division III,Edward Sanford Martin,Egotism,608
III. Second Lyrical Period - Division III,Lizette Woodworth Reese,Lydia,609
III. Second Lyrical Period - Division III,Lizette Woodworth Reese,"Anne - Sudbury Meeting-House, 1653",609
III. Second Lyrical Period - Division III,Lizette Woodworth Reese,Daffodils,609
III. Second Lyrical Period - Division III,Lizette Woodworth Reese,Tears,610
III. Second Lyrical Period - Division III,Lizette Woodworth Reese,Immortality,610
III. Second Lyrical Period - Division III,Lizette Woodworth Reese,Thomas a Kempis,610
III. Second Lyrical Period - Division III,Lizette Woodworth Reese,Telling the Bees,611
III. Second Lyrical Period - Division III,Lizette Woodworth Reese,In Time of Grief,611
III. Second Lyrical Period - Division III,Lizette Woodworth Reese,To a Town Poet,611
III. Second Lyrical Period - Division III,Lizette Woodworth Reese,Trust,611
III. Second Lyrical Period - Division III,Lizette Woodworth Reese,A Holiday,612
III. Second Lyrical Period - Division III,Lizette Woodworth Reese,Keats,612
III. Second Lyrical Period - Division III,Lizette Woodworth Reese,Reserve,612
III. Second Lyrical Period - Division III,William Hamilton Hayne,The Southern Snow-Bird,612
III. Second Lyrical Period - Division III,William Hamilton Hayne,To a Cherokee Rose,612
III. Second Lyrical Period - Division III,William Hamilton Hayne,Quatrains: Moonlight Song of the Mocking-Bird,613
III. Second Lyrical Period - Division III,William Hamilton Hayne,Quatrains: Night Mists,613
III. Second Lyrical Period - Division III,William Hamilton Hayne,Quatrains: An Autumn Breeze,613
III. Second Lyrical Period - Division III,William Hamilton Hayne,Quatrains: Exiles,613
III. Second Lyrical Period - Division III,William Hamilton Hayne,A Cyclone at Sea,613
III. Second Lyrical Period - Division III,William Hamilton Hayne,"""Sleep and his Brother Death""",613
III. Second Lyrical Period - Division III,William Hamilton Hayne,The Yule Log,613
III. Second Lyrical Period - Division III,George Edgar Montgomery,England,613
III. Second Lyrical Period - Division III,George Edgar Montgomery,To a Child,614
III. Second Lyrical Period - Division III,George Edgar Montgomery,A Dead Soldier,614
III. Second Lyrical Period - Division III,George Edgar Montgomery,At Night,615
III. Second Lyrical Period - Division III,Ella Wheeler Wilcox,Recrimination,615
III. Second Lyrical Period - Division III,Charles Lotin Hildreth,To an Obscure Poet who lives on my Hearth,616
III. Second Lyrical Period - Division III,Charles Lotin Hildreth,Implora Pace,616
III. Second Lyrical Period - Division III,Charles Lotin Hildreth,At the Mermaid Inn,617
III. Second Lyrical Period - Division III,Harrison Smith Morris,Destiny - A. D. 1899,617
III. Second Lyrical Period - Division III,Harrison Smith Morris,The Lonely-Bird,619
III. Second Lyrical Period - Division III,Harrison Smith Morris,A Pine-Tree Buoy,619
III. Second Lyrical Period - Division III,Harrison Smith Morris,Mohammed and Seid,619
III. Second Lyrical Period - Division III,Harrison Smith Morris,Walt Whitman,620
III. Second Lyrical Period - Division III,Harrison Smith Morris,Fickle Hope,620
III. Second Lyrical Period - Division III,Ernest Crosby,Choir Practice,620
III. Second Lyrical Period - Division III,Ernest Crosby,The Search,621
III. Second Lyrical Period - Division III,Ernest Crosby,The Soul of the World,621
III. Second Lyrical Period - Division III,Harry Thurston Peck,Heliotrope,621
III. Second Lyrical Period - Division III,Harry Thurston Peck,Wonderland,622
III. Second Lyrical Period - Division III,Harry Thurston Peck,The Other One,622
III. Second Lyrical Period - Division III,Frank Lebby Stanton,One Country,622
III. Second Lyrical Period - Division III,Frank Lebby Stanton,A Plantation Ditty,623
III. Second Lyrical Period - Division III,Frank Lebby Stanton,The Graveyard Rabbit,623
III. Second Lyrical Period - Division III,Frank Lebby Stanton,The Mocking-Bird,623
III. Second Lyrical Period - Division III,Frank Lebby Stanton,A Little Way,624
III. Second Lyrical Period - Division III,Margaret Deland,Love and Death,624
III. Second Lyrical Period - Division III,Margaret Deland,Sent with a Rose to a Young Lady,624
III. Second Lyrical Period - Division III,Margaret Deland,The Clover,624
III. Second Lyrical Period - Division III,Margaret Deland,Love's Wisdom,624
III. Second Lyrical Period - Division III,Tudor Jenks,Small and Early,625
III. Second Lyrical Period - Division III,Tudor Jenks,The Spirit of the Maine,625
III. Second Lyrical Period - Division III,Alice Brown,Candlemas,626
III. Second Lyrical Period - Division III,Alice Brown,Trilby,626
III. Second Lyrical Period - Division III,Alice Brown,Cloistered,626
III. Second Lyrical Period - Division III,Alice Brown,Life,626
III. Second Lyrical Period - Division III,Alice Brown,Sleep,627
III. Second Lyrical Period - Division III,William Morton Payne,Incipit Vita Nova,627
III. Second Lyrical Period - Division III,William Morton Payne,"""Ej Blot Til Lyst""",627
III. Second Lyrical Period - Division III,William Morton Payne,Tannhauser,627
III. Second Lyrical Period - Division III,William Morton Payne,Lohengrin,628
III. Second Lyrical Period - Division III,Milicent Washburn Shinn,Song and Science,628
III. Second Lyrical Period - Division III,Milicent Washburn Shinn,"""The Twilight of the Poets""",628
III. Second Lyrical Period - Division III,Milicent Washburn Shinn,When Almonds bloom,629
III. Second Lyrical Period - Division III,Milicent Washburn Shinn,"Yosemite - From ""The Washington Sequoia""",629
III. Second Lyrical Period - Division III,James Benjamin Kenyon,Tacita,630
III. Second Lyrical Period - Division III,James Benjamin Kenyon,Quatrains: The Bedouins of the Skies,630
III. Second Lyrical Period - Division III,James Benjamin Kenyon,Quatrains: The Two Spirits,630
III. Second Lyrical Period - Division III,James Benjamin Kenyon,Quatrains: A Challenge,630
III. Second Lyrical Period - Division III,James Benjamin Kenyon,Death and Night,630
III. Second Lyrical Period - Division III,James Benjamin Kenyon,Bring them not back,631
III. Second Lyrical Period - Division III,James Benjamin Kenyon,"Come slowly, Paradise",631
III. Second Lyrical Period - Division III,Charles Henry Crandall,Stella,631
III. Second Lyrical Period - Division III,Charles Henry Crandall,The Human Plan,631
III. Second Lyrical Period - Division III,Charles Henry Crandall,With Lilacs,631
III. Second Lyrical Period - Division III,Charles Henry Luders,The Four Winds,632
III. Second Lyrical Period - Division III,Charles Henry Luders,The Haunts of the Halcyon,632
III. Second Lyrical Period - Division III,Charles Henry Luders,Heart of Oak,632
III. Second Lyrical Period - Division III,Charles Henry Luders,An Old Thought,632
III. Second Lyrical Period - Division III,Charles Henry Luders,The Mountebanks,633
III. Second Lyrical Period - Division III,Mary Augusta Mason,The Scarlet Tanager,633
III. Second Lyrical Period - Division III,Mary Augusta Mason,My Little Neighbor,633
III. Second Lyrical Period - Division III,Henry Jerome Stockard,Over their Graves,634
III. Second Lyrical Period - Division III,Henry Jerome Stockard,As some Mysterious Wanderer of the Skies,634
III. Second Lyrical Period - Division III,Henry Jerome Stockard,The Mocking-Bird,634
III. Second Lyrical Period - Division III,Sarah Pratt McLean Greene,The Lamp,634
III. Second Lyrical Period - Division III,Sarah Pratt McLean Greene,De Sheepfol',635
III. Second Lyrical Period - Division III,Clarence Urmy,As I came down Mount Tamalpais,635
III. Second Lyrical Period - Division III,Clarence Urmy,Blondel,635
III. Second Lyrical Period - Division III,Susan Marr Spalding,A Song's Worth,636
III. Second Lyrical Period - Division III,Susan Marr Spalding,The Sea's Spell,636
III. Second Lyrical Period - Division III,Susan Marr Spalding,Fate,636
III. Second Lyrical Period - Division III,Robert Bridges,"""The Unillumined Verge""",637
III. Second Lyrical Period - Division III,Robert Bridges,James McCosh,637
III. Second Lyrical Period - Division III,William Lindsey,"En Garde, Messieurs",638
III. Second Lyrical Period - Division III,William Lindsey,The Hundred-Yard Dash,638
III. Second Lyrical Period - Division III,Horace L. Traubel,I served in a Great Cause,638
III. Second Lyrical Period - Division III,Horace L. Traubel,If all the Voices of Men,639
III. Second Lyrical Period - Division III,Horace L. Traubel,Epicedium,639
III. Second Lyrical Period - Division III,Danske Dandridge,The Dead Moon,639
III. Second Lyrical Period - Division III,Danske Dandridge,The Spirit of the Fall,640
III. Second Lyrical Period - Division III,William Roscoe Thayer,The Last Hunt,640
III. Second Lyrical Period - Division III,William Roscoe Thayer,Man in Nature,641
III. Second Lyrical Period - Division III,William Roscoe Thayer,The Violin's Complaint,641
III. Second Lyrical Period - Division III,Helen Gray Cone,The Ride to the Lady,642
III. Second Lyrical Period - Division III,Helen Gray Cone,Arraignment,642
III. Second Lyrical Period - Division III,Helen Gray Cone,Thisbe,643
III. Second Lyrical Period - Division III,Helen Gray Cone,The Contrast,643
III. Second Lyrical Period - Division III,Helen Gray Cone,The Last Cup of Canary,643
III. Second Lyrical Period - Division III,Helen Gray Cone,The Spring Beauties,644
III. Second Lyrical Period - Division III,Helen Gray Cone,Fair England,644
III. Second Lyrical Period - Division III,Richard Burton,The First Song,645
III. Second Lyrical Period - Division III,Richard Burton,On a Ferry Boat,645
III. Second Lyrical Period - Division III,Richard Burton,Black Sheep,645
III. Second Lyrical Period - Division III,Richard Burton,The Forefather,646
III. Second Lyrical Period - Division III,Richard Burton,"""Extras""",646
III. Second Lyrical Period - Division III,Richard Burton,Love is Strong,646
III. Second Lyrical Period - Division III,Richard Burton,An Unpraised Picture,646
III. Second Lyrical Period - Division III,Richard Burton,The Polar Quest,647
III. Second Lyrical Period - Division III,Richard Burton,In Sleep,647
III. Second Lyrical Period - Division III,Katharine Lee Bates,Robin's Secret,647
III. Second Lyrical Period - Division III,Katharine Lee Bates,A Song of Riches,648
III. Second Lyrical Period - Division III,Katharine Lee Bates,The Little Knight in Green,648
III. Second Lyrical Period - Division III,George Pellew,On a Cast from an Antique,648
III. Second Lyrical Period - Division III,George Pellew,Death,649
III. Second Lyrical Period - Division III,Robert Mowry Bell,The Tutelage,649
III. Second Lyrical Period - Division III,Robert Mowry Bell,The Second Volume,649
III. Second Lyrical Period - Division III,Frank Dempster Sherman,On a Greek Vase,650
III. Second Lyrical Period - Division III,Frank Dempster Sherman,To a Rose,650
III. Second Lyrical Period - Division III,Frank Dempster Sherman,On Some Buttercups,650
III. Second Lyrical Period - Division III,Frank Dempster Sherman,The Library,650
III. Second Lyrical Period - Division III,Frank Dempster Sherman,Quatrains: A Quatrain,651
III. Second Lyrical Period - Division III,Frank Dempster Sherman,Quatrains: A Hollyhock,651
III. Second Lyrical Period - Division III,Frank Dempster Sherman,Quatrains: Moonrise,651
III. Second Lyrical Period - Division III,Frank Dempster Sherman,The Rose's Cup,651
III. Second Lyrical Period - Division III,Frank Dempster Sherman,The Shadows,651
III. Second Lyrical Period - Division III,Frank Dempster Sherman,At Midnight,651
III. Second Lyrical Period - Division III,John Hall Ingham,George Washington,652
III. Second Lyrical Period - Division III,John Hall Ingham,Genesis,652
III. Second Lyrical Period - Division III,John Hall Ingham,A Summer Sanctuary,652
III. Second Lyrical Period - Division III,Harry Lyman Koopman,Sea and Shore,652
III. Second Lyrical Period - Division III,Harry Lyman Koopman,John Brown,653
III. Second Lyrical Period - Division III,Harry Lyman Koopman,Icarus,653
III. Second Lyrical Period - Division III,Harry Lyman Koopman,The Satirist,653
III. Second Lyrical Period - Division III,Harry Lyman Koopman,Revealed,653
III. Second Lyrical Period - Division III,Oscar Fay Adams,At Lincoln,653
III. Second Lyrical Period - Division III,Oscar Fay Adams,"On a Grave in Christ-Church, Hants",654
III. Second Lyrical Period - Division III,Hamlin Garland,Pioneers,654
III. Second Lyrical Period - Division III,Hamlin Garland,In the Grass,654
III. Second Lyrical Period - Division III,Hamlin Garland,The Meadow Lark,654
III. Second Lyrical Period - Division III,Hamlin Garland,The Massasauga,655
III. Second Lyrical Period - Division III,Hamlin Garland,A Tribute of Grasses - To W. W.,655
III. Second Lyrical Period - Division III,Hamlin Garland,A Wish,655
III. Second Lyrical Period - Division III,Hamlin Garland,The Gift of Water,655
III. Second Lyrical Period - Division III,Hamlin Garland,The Ute Lover,655
III. Second Lyrical Period - Division III,Hamlin Garland,Do you fear the Wind,656
III. Second Lyrical Period - Division III,Hamlin Garland,The Gold-Seekers,656
III. Second Lyrical Period - Division III,Hamlin Garland,The Greeting of the Roses,656
III. Second Lyrical Period - Division III,Virginia Woodward Cloud,The Mother's Song,657
III. Second Lyrical Period - Division III,Virginia Woodward Cloud,An Old Street,657
III. Second Lyrical Period - Division III,Virginia Woodward Cloud,Care,657
III. Second Lyrical Period - Division III,Virginia Woodward Cloud,Youth,658
III. Second Lyrical Period - Division III,Clinton Scollard,Sidney Godolphin,658
III. Second Lyrical Period - Division III,Clinton Scollard,As I came down from Lebanon,658
III. Second Lyrical Period - Division III,Clinton Scollard,Khamsin,659
III. Second Lyrical Period - Division III,Clinton Scollard,Memnon,659
III. Second Lyrical Period - Division III,Clinton Scollard,Be ye in love with April-Tide?,660
III. Second Lyrical Period - Division III,Clinton Scollard,A Bell,660
III. Second Lyrical Period - Division III,Harriet Monroe,"From the ""Commemoration Ode"" - World's Columbian Exposition, Chicago: Washington",660
III. Second Lyrical Period - Division III,Harriet Monroe,"From the ""Commemoration Ode"" - World's Columbian Exposition, Chicago: Lincoln",660
III. Second Lyrical Period - Division III,Harriet Monroe,"From the ""Commemoration Ode"" - World's Columbian Exposition, Chicago: Democracy",661
III. Second Lyrical Period - Division III,Harriet Monroe,In the Beginning,662
III. Second Lyrical Period - Division III,Harriet Monroe,The Fortunate One,662
III. Second Lyrical Period - Division III,Harriet Monroe,The Night-Blooming Cereus,662
III. Second Lyrical Period - Division III,Harriet Monroe,A Farewell,663
III. Second Lyrical Period - Division III,Charlotte Perkins Stetson,A Common Inference,663
III. Second Lyrical Period - Division III,Charlotte Perkins Stetson,The Beds of Fleur-de-Lys,663
III. Second Lyrical Period - Division III,Charlotte Perkins Stetson,A Conservative,663
III. Second Lyrical Period - Division III,Louise Imogen Guiney,Ode for a Master Mariner ashore,664
III. Second Lyrical Period - Division III,Louise Imogen Guiney,In Leinster,665
III. Second Lyrical Period - Division III,Louise Imogen Guiney,Pax Paganica,665
III. Second Lyrical Period - Division III,Louise Imogen Guiney,On first entering Westminster Abbey,665
III. Second Lyrical Period - Division III,Louise Imogen Guiney,Martyr's Memorial,665
III. Second Lyrical Period - Division III,Louise Imogen Guiney,A Footnote to a Famous Lyric,666
III. Second Lyrical Period - Division III,Louise Imogen Guiney,The Wild Ride,666
III. Second Lyrical Period - Division III,Louise Imogen Guiney,Valse Jeune,666
III. Second Lyrical Period - Division III,Louise Imogen Guiney,Of Joan's Youth,666
III. Second Lyrical Period - Division III,Louise Imogen Guiney,Sanctuary,667
III. Second Lyrical Period - Division III,Lilla Cabot Perry,Meeting after Long Absence: As she feared it would be,667
III. Second Lyrical Period - Division III,Lilla Cabot Perry,Meeting after Long Absence: As it was,667
III. Second Lyrical Period - Division III,Lilla Cabot Perry,Life and Death,667
III. Second Lyrical Period - Division III,Lilla Cabot Perry,Art,668
III. Second Lyrical Period - Division III,Hannah Parker Kimball,Beyond,668
III. Second Lyrical Period - Division III,Hannah Parker Kimball,Soul and Sense,669
III. Second Lyrical Period - Division III,Hannah Parker Kimball,One Way of Trusting,669
III. Second Lyrical Period - Division III,Albert Bigelow Paine,The Little Child,669
III. Second Lyrical Period - Division III,Albert Bigelow Paine,In Louisiana,669
III. Second Lyrical Period - Division III,Ernest McGaffey,As the Day breaks,669
III. Second Lyrical Period - Division III,Ernest McGaffey,"""Mark""",670
III. Second Lyrical Period - Division III,Ernest McGaffey,"A ""Rise""",670
III. Second Lyrical Period - Division III,Ernest McGaffey,Geronimo,670
III. Second Lyrical Period - Division III,Ernest McGaffey,I fear no Power a Woman wields,670
III. Second Lyrical Period - Division III,Katrina Trask,Sorrow,671
III. Second Lyrical Period - Division III,Katrina Trask,Love,671
III. Second Lyrical Period - Division III,Katrina Trask,At Last,671
III. Second Lyrical Period - Division III,Katrina Trask,Aidenn,671
III. Second Lyrical Period - Division III - Additional Selections,Annie R. Stillman,Birth,672
III. Second Lyrical Period - Division III - Additional Selections,Andrew Bice Saxton,The First Step,672
III. Second Lyrical Period - Division III - Additional Selections,Annie Eliot Trumbull,To O. S. C.,672
III. Second Lyrical Period - Division III - Additional Selections,Frederick Keppel,A Plain Man's Dream,672
III. Second Lyrical Period - Division III - Additional Selections,James Buckham,A Child of To-Day,673
III. Second Lyrical Period - Division III - Additional Selections,Alice Learned Bunner,Vingtaine: Separation,673
III. Second Lyrical Period - Division III - Additional Selections,Alice Learned Bunner,Vingtaine: Immutabilis,673
III. Second Lyrical Period - Division III - Additional Selections,Lucy Evangeline Tilley,When Even cometh on,673
III. Second Lyrical Period - Division III - Additional Selections,James Ernest Nesmith,The Statue of Lorenzo De' Medici,674
III. Second Lyrical Period - Division III - Additional Selections,James Berry Bensel,Ahmed,674
III. Second Lyrical Period - Division III - Additional Selections,Duffield Osborne,Ave! Nero Imperator,674
III. Second Lyrical Period - Division III - Additional Selections,George Horton,A Night in Lesbos,675
III. Second Lyrical Period - Division III - Additional Selections,George Meason Whicher,Bacchylides,675
III. Second Lyrical Period - Division III - Additional Selections,Montgomery Schuyler,Carlyle and Emerson,676
III. Second Lyrical Period - Division III - Additional Selections,Sam Walter Foss,The Town of Hay,676
III. Second Lyrical Period - Division III - Additional Selections,Joseph Ernest Whitney,A Drop of Ink,676
III. Second Lyrical Period - Division III - Additional Selections,John Langdon Heaton,Sea Irony,677
III. Second Lyrical Period - Division III - Additional Selections,Frederick Peterson,Solitude,677
III. Second Lyrical Period - Division III - Additional Selections,John Elton Wayland,An Epilogue at Wallack's,677
III. Second Lyrical Period - Division III - Additional Selections,William Henry Gardner,"""The Tune of the Time"": When Love comes knocking",678
III. Second Lyrical Period - Division III - Additional Selections,Amy E. Leigh,"""The Tune of the Time"": If I but knew",678
III. Second Lyrical Period - Division III - Additional Selections,Lew Wallace,"""The Tune of the Time"": Song from ""Ben Hur""",678
III. Second Lyrical Period - Division III - Additional Selections,Peyton Van Rensselaer,"""The Tune of the Time"": At Twilight",678
III. Second Lyrical Period - Division III - Additional Selections,Frances Dorr Tatnall,"""The Tune of the Time"": Art Thou the Same",678
III. Second Lyrical Period - Division III - Additional Selections,Harry Bache Smith,"""The Tune of the Time"": The Song of the Turnkey",679
III. Second Lyrical Period - Division III - Additional Selections,Harry Bache Smith,"""The Tune of the Time"": The Armorer's Song",679
III. Second Lyrical Period - Division III - Additional Selections,Theron Brown,"""The Tune of the Time"": His Majesty",680
III. Second Lyrical Period - Division III - Additional Selections,Hattie Starr,"""The Tune of the Time"": Little Alabama Coon",680
III. Second Lyrical Period - Division III - Additional Selections,Edward D. Barker,"""The Tune of the Time"": Go Sleep, Ma Honey",680
III. Second Lyrical Period - Division III - Additional Selections,Richard Henry Buck,"""The Tune of the Time"": Kentucky Babe",681
III. Second Lyrical Period - Division III - Additional Selections,Hattie Whitney,"""The Tune of the Time"": A Little Dutch Garden",681
III. Second Lyrical Period - Division III - Additional Selections,Park Benjamin,"""A Song that Old was Sung"": The Old Sexton",681
III. Second Lyrical Period - Division III - Additional Selections,Elizabeth Bogart,"""A Song that Old was Sung"": He came too late",682
IV. Close of the Century,Langdon Elwyn Mitchell,"From ""To a Writer of the Day"": Technique",685
IV. Close of the Century,Langdon Elwyn Mitchell,"From ""To a Writer of the Day"": Purpose",685
IV. Close of the Century,Langdon Elwyn Mitchell,Songs: Fear,686
IV. Close of the Century,Langdon Elwyn Mitchell,Songs: Sweets that die,686
IV. Close of the Century,Langdon Elwyn Mitchell,To One being Old,687
IV. Close of the Century,Langdon Elwyn Mitchell,The Wayside Virgin,687
IV. Close of the Century,Langdon Elwyn Mitchell,Written at the End of a Book,687
IV. Close of the Century,Wallace Rice,Under the Stars,688
IV. Close of the Century,Wallace Rice,The End,688
IV. Close of the Century,Wallace Rice,Immortal Flowers,688
IV. Close of the Century,Robert Cameron Rogers,The Dancing Faun,689
IV. Close of the Century,Robert Cameron Rogers,A Sleeping Priestess of Aphrodite,689
IV. Close of the Century,Robert Cameron Rogers,Virgil's Tomb,690
IV. Close of the Century,Robert Cameron Rogers,The Shadow Rose,690
IV. Close of the Century,Robert Cameron Rogers,Doubt,690
IV. Close of the Century,Robert Cameron Rogers,A Health at the Ford,690
IV. Close of the Century,Robert Cameron Rogers,The Rosary,691
IV. Close of the Century,Vance Thompson,Symbols,691
IV. Close of the Century,Vance Thompson,Linen Bands,691
IV. Close of the Century,Ella Higginson,Beggars,692
IV. Close of the Century,Ella Higginson,Moonrise in the Rockies,692
IV. Close of the Century,Ella Higginson,The Lamp in the West,692
IV. Close of the Century,Ella Higginson,The Grand Ronde Valley,692
IV. Close of the Century,Ella Higginson,Four-Leaf Clover,692
IV. Close of the Century,John Kendrick Bangs,To a Withered Rose,693
IV. Close of the Century,John Kendrick Bangs,"May 30, 1893",693
IV. Close of the Century,John Kendrick Bangs,The Little Elf,693
IV. Close of the Century,Sophie Jewett,"""If Spirits walk""",693
IV. Close of the Century,Sophie Jewett,Armistice,693
IV. Close of the Century,Sophie Jewett,Song,694
IV. Close of the Century,Sophie Jewett,When Nature hath betrayed the Heart that loved her,694
IV. Close of the Century,Sophie Jewett,A Smiling Demon of Notre Dame,694
IV. Close of the Century,Evaleen Stein,Budding-Time too Brief,694
IV. Close of the Century,Evaleen Stein,In Mexico,695
IV. Close of the Century,Evaleen Stein,In Youth,695
IV. Close of the Century,Evaleen Stein,Flood-Time on the Marshes,696
IV. Close of the Century,Lucy Robinson,The Fire i' the Flint,696
IV. Close of the Century,Lucy Robinson,"""Hic me, Pater Optime, Fessam Deseris""",696
IV. Close of the Century,Lucy Robinson,A Ballade of Islands,696
IV. Close of the Century,Oliver Herford,Proem,697
IV. Close of the Century,Oliver Herford,A Belated Violet,697
IV. Close of the Century,Oliver Herford,Why ye Blossome cometh before ye Leafe,697
IV. Close of the Century,Oliver Herford,The Elf and the Dormouse,698
IV. Close of the Century,Oliver Herford,The Mon-Goos,698
IV. Close of the Century,Amelie Troubetzkoy,A Mood,698
IV. Close of the Century,Amelie Troubetzkoy,Before the Rain,699
IV. Close of the Century,Amelie Troubetzkoy,A Sonnet,699
IV. Close of the Century,Gertrude Hall,Mrs. Golightly,699
IV. Close of the Century,Gertrude Hall,Angels,700
IV. Close of the Century,Gertrude Hall,The Dust,700
IV. Close of the Century,Gertrude Hall,My Old Counselor,700
IV. Close of the Century,Elaine Goodale Eastman,A Countrywoman of Mine,700
IV. Close of the Century,Elaine Goodale Eastman,Ashes of Roses,701
IV. Close of the Century,Elaine Goodale Eastman,Baby,701
IV. Close of the Century,Winifred Howells,Forthfaring,701
IV. Close of the Century,Winifred Howells,The Poet and the Child,701
IV. Close of the Century,Winifred Howells,A Wasted Sympathy,702
IV. Close of the Century,Winifred Howells,Past,702
IV. Close of the Century,Winifred Howells,A Mood,702
IV. Close of the Century,Richard Hovey,The Wander-Lovers,702
IV. Close of the Century,Richard Hovey,"Envoy - To ""More Songs from Vagabondia""",703
IV. Close of the Century,Richard Hovey,The Call of the Bugles,703
IV. Close of the Century,Richard Hovey,Unmanifest Destiny,704
IV. Close of the Century,Richard Hovey,Love in the Winds,705
IV. Close of the Century,Richard Hovey,Dartmouth Winter-Song,705
IV. Close of the Century,Richard Hovey,Laurana's Song,705
IV. Close of the Century,Richard Hovey,"From ""The Birth of Galahad"": Ylen's Song",705
IV. Close of the Century,Richard Hovey,"From ""Taliesin: A Masque""",706
IV. Close of the Century,Julie Mathilde Lippmann,Love and Life,707
IV. Close of the Century,Julie Mathilde Lippmann,Stone Walls,707
IV. Close of the Century,Julie Mathilde Lippmann,The Pines,707
IV. Close of the Century,Mark A. De Wolfe Howe,The Travellers,708
IV. Close of the Century,Mark A. De Wolfe Howe,Distinction,708
IV. Close of the Century,Mark A. De Wolfe Howe,"""Whom the Gods love""",708
IV. Close of the Century,Madison Cawein,Proem,708
IV. Close of the Century,Madison Cawein,The Rain-Crow,708
IV. Close of the Century,Madison Cawein,To a Wind-Flower,709
IV. Close of the Century,Madison Cawein,Death,709
IV. Close of the Century,Madison Cawein,The Soul,710
IV. Close of the Century,Madison Cawein,The Creek-Road,710
IV. Close of the Century,Madison Cawein,Ku Klux,710
IV. Close of the Century,Madison Cawein,Quatrains: The Wind in the Pines,710
IV. Close of the Century,Madison Cawein,Quatrains: Opportunity,710
IV. Close of the Century,Madison Cawein,Comradery,710
IV. Close of the Century,Madison Cawein,Flight,711
IV. Close of the Century,Madison Cawein,Dirge,711
IV. Close of the Century,John Bennett,"Songs from ""Master Sky-Lark"": The Sky-Lark's Song",711
IV. Close of the Century,John Bennett,"Songs from ""Master Sky-Lark"": The Song of the Hunt",712
IV. Close of the Century,John Bennett,"God bless you, Dear, To-Day",712
IV. Close of the Century,John Bennett,Her Answer,712
IV. Close of the Century,Edward Lucas White,The Last Bowstrings,712
IV. Close of the Century,Edward Lucas White,Genius,714
IV. Close of the Century,Martha Gilbert Dickinson,Reality,714
IV. Close of the Century,Martha Gilbert Dickinson,A Priest's Prayer,714
IV. Close of the Century,Martha Gilbert Dickinson,Forgiveness Lane,714
IV. Close of the Century,Martha Gilbert Dickinson,Separation,715
IV. Close of the Century,Martha Gilbert Dickinson,Unanswered,715
IV. Close of the Century,Martha Gilbert Dickinson,Her Music,715
IV. Close of the Century,Martha Gilbert Dickinson,Heaven,715
IV. Close of the Century,Walter Malone,October in Tennessee,715
IV. Close of the Century,Walter Malone,He who hath loved,716
IV. Close of the Century,John Jerome Rooney,Joined the Blues,716
IV. Close of the Century,John Jerome Rooney,The Homing,717
IV. Close of the Century,John Jerome Rooney,The Men behind the Guns,717
IV. Close of the Century,John Jerome Rooney,Where Helen comes,718
IV. Close of the Century,John Jerome Rooney,The Rahat,718
IV. Close of the Century,John Jerome Rooney,A Beam of Light,718
IV. Close of the Century,Anne Reeve Aldrich,A Song about Singing,718
IV. Close of the Century,Anne Reeve Aldrich,In November,718
IV. Close of the Century,Anne Reeve Aldrich,Music of Hungary,718
IV. Close of the Century,Anne Reeve Aldrich,A Crowned Poet,719
IV. Close of the Century,Anne Reeve Aldrich,Love's Change,719
IV. Close of the Century,Anne Reeve Aldrich,Fraternity,719
IV. Close of the Century,Anne Reeve Aldrich,Recollection,719
IV. Close of the Century,Anne Reeve Aldrich,April - and dying,719
IV. Close of the Century,Anne Reeve Aldrich,A Little Parable,720
IV. Close of the Century,Anne Reeve Aldrich,Death at Daybreak,720
IV. Close of the Century,Anne Reeve Aldrich,The Eternal Justice,720
IV. Close of the Century,Herbert Bates,Prairie,720
IV. Close of the Century,Herbert Bates,The Heavens are our Riddle,721
IV. Close of the Century,John Russell Hayes,"From ""The Old-Fashioned Garden""",721
IV. Close of the Century,Dora Read Goodale,The Flight of the Heart,722
IV. Close of the Century,Dora Read Goodale,The Soul of Man,722
IV. Close of the Century,Dora Read Goodale,The Judgment,722
IV. Close of the Century,Joseph Russell Taylor,The Flute,723
IV. Close of the Century,Joseph Russell Taylor,The Veery-Thrush,723
IV. Close of the Century,Arthur Colton,A Song with a Discord,723
IV. Close of the Century,Arthur Colton,To Faustine,724
IV. Close of the Century,Philip Henry Savage,Morning,724
IV. Close of the Century,Philip Henry Savage,Silkweed,724
IV. Close of the Century,Philip Henry Savage,Solitude,724
IV. Close of the Century,Philip Henry Savage,Infinity,725
IV. Close of the Century,Barrett Eastman,Richard Somers,725
IV. Close of the Century,Barrett Eastman,Joy enough,725
IV. Close of the Century,William Vaughn Moody,"From ""An Ode in Time of Hesitation"": Robert Gould Shaw",726
IV. Close of the Century,William Vaughn Moody,"From ""An Ode in Time of Hesitation"": ""No Hint of Stain""",726
IV. Close of the Century,Frederic Lawrence Knowles,Nature: The Artist,727
IV. Close of the Century,Frederic Lawrence Knowles,A Pasture,727
IV. Close of the Century,Edwin Arlington Robinson,Luke Havergal,727
IV. Close of the Century,Edwin Arlington Robinson,Ballade of Dead Friends,728
IV. Close of the Century,Edwin Arlington Robinson,The Clerks,728
IV. Close of the Century,Edwin Arlington Robinson,The Pity of the Leaves,728
IV. Close of the Century,Edwin Arlington Robinson,The House on the Hill,729
IV. Close of the Century,Caroline Duer,"An International Episode (March 15, 1889)",729
IV. Close of the Century,Caroline Duer,A Portrait,730
IV. Close of the Century,Caroline Duer,A Word to the Wise,730
IV. Close of the Century,Alice Duer Miller,Song,730
IV. Close of the Century,Alice Duer Miller,A Sonnet,731
IV. Close of the Century,Edward A. U. Valentine,Helen,731
IV. Close of the Century,Edward A. U. Valentine,The Spirit of the Wheat,731
IV. Close of the Century,Alice Archer James,Sinfonia Eroica,732
IV. Close of the Century,Alice Archer James,The Butterfly,732
IV. Close of the Century,Alice Archer James,Processional,733
IV. Close of the Century,Stephen Crane,The Peaks,733
IV. Close of the Century,Stephen Crane,'Scaped,733
IV. Close of the Century,Stephen Crane,The Black Riders,734
IV. Close of the Century,Stephen Crane,Why?,734
IV. Close of the Century,Stephen Crane,The Wayfarer,734
IV. Close of the Century,Stephen Crane,Content,734
IV. Close of the Century,Stephen Crane,Ancestry,734
IV. Close of the Century,Stephen Crane,The Violets,734
IV. Close of the Century,Stephen Crane,I explain,734
IV. Close of the Century,Herbert Bashford,The Arid Lands,735
IV. Close of the Century,Herbert Bashford,By the Pacific,735
IV. Close of the Century,Herbert Bashford,Night in Camp,735
IV. Close of the Century,Herbert Bashford,Morning in Camp,735
IV. Close of the Century,Herbert Bashford,Quatrains: Mount Rainier,736
IV. Close of the Century,Herbert Bashford,Quatrains: Along Shore,736
IV. Close of the Century,Herbert Bashford,Quatrains: Sunset,736
IV. Close of the Century,Rupert Hughes,For Decoration Day,736
IV. Close of the Century,Paul Laurence Dunbar,A Corn-Song,737
IV. Close of the Century,Paul Laurence Dunbar,Harriet Beecher Stowe,737
IV. Close of the Century,Paul Laurence Dunbar,Retort,737
IV. Close of the Century,Paul Laurence Dunbar,On the Road,738
IV. Close of the Century,Paul Laurence Dunbar,Hymn,738
IV. Close of the Century,Paul Laurence Dunbar,A Death Song,738
IV. Close of the Century,Mary McNeil Fenollosa,Sunrise in the Hills of Satsuma,739
IV. Close of the Century,Mary McNeil Fenollosa,Flying Fish,739
IV. Close of the Century,Mary McNeil Fenollosa,Miyoko San,739
IV. Close of the Century,Mary McNeil Fenollosa,A Drifting Petal,739
IV. Close of the Century,Mary McNeil Fenollosa,Yuki,739
IV. Close of the Century,Mary McNeil Fenollosa,Morning Fancy,740
IV. Close of the Century,Grace Ellery Channing-Stetson,England,740
IV. Close of the Century,Grace Ellery Channing-Stetson,War,740
IV. Close of the Century,Grace Ellery Channing-Stetson,Judgment,740
IV. Close of the Century,Grace Ellery Channing-Stetson,A Song of Arno,741
IV. Close of the Century,Guy Wetmore Carryl,When the Great Gray Ships come in,741
IV. Close of the Century,Guy Wetmore Carryl,The Sycophantic Fox and the Gullible Raven,742
IV. Close of the Century,Mildred Howells,Romance,742
IV. Close of the Century,Mildred Howells,A Moral in Sevres,743
IV. Close of the Century,Mildred Howells,Down a Woodland Way,743
IV. Close of the Century,George Cabot Lodge,A Song of the Wave,743
IV. Close of the Century,George Cabot Lodge,Youth,744
IV. Close of the Century,Hildegarde Hawthorne,A Song,744
IV. Close of the Century,Hildegarde Hawthorne,My Rose,744
IV. Close of the Century,Josephine Preston Peabody,Prelude,745
IV. Close of the Century,Josephine Preston Peabody,Wood-Song,745
IV. Close of the Century,Josephine Preston Peabody,Sonnet in a Garden,745
IV. Close of the Century,Josephine Preston Peabody,A Changeling Grateful,745
IV. Close of the Century,Josephine Preston Peabody,Caravans,746
IV. Close of the Century,Josephine Preston Peabody,Rubric,746
IV. Close of the Century,Josephine Preston Peabody,Isolation,746
IV. Close of the Century,Josephine Preston Peabody,After Music,747
IV. Close of the Century,Josephine Preston Peabody,A Far-Off Rose,747
IV. Close of the Century,Joseph Leiser,"Kol Nidra - From ""The Day of Atonement""",747
IV. Close of the Century,Howard Weeden,The Banjo of the Past,748
IV. Close of the Century,Howard Weeden,The Borrowed Child,749
IV. Close of the Century,Wilbur Underwood,The Cattle of his Hand,749
IV. Close of the Century,Ednah Proctor Hayes,To a Wild Rose found in October,750
IV. Close of the Century,Ednah Proctor Hayes,A Good-by,751
IV. Close of the Century,Ednah Proctor Hayes,The Deathless,751
IV. Close of the Century,Ednah Proctor Hayes,The Mocking-Bird,751
IV. Close of the Century,Ednah Proctor Hayes,The Dancer,751
IV. Close of the Century,Frederic Ridgely Torrence,"From ""The House of a Hundred Lights"": The Young Lovers",752
IV. Close of the Century,Frederic Ridgely Torrence,"From ""The House of a Hundred Lights"": Youth and Age",752
IV. Close of the Century,Frederic Ridgely Torrence,"From ""The House of a Hundred Lights"": Compensation",752
IV. Close of the Century,Frederic Ridgely Torrence,"From ""The House of a Hundred Lights"": Carpe Diem",753
IV. Close of the Century,Frederic Ridgely Torrence,"From ""The House of a Hundred Lights"": The Conclusion of the Whole Matter",753
IV. Close of the Century,Helen Hay,To Diane,753
IV. Close of the Century,Helen Hay,A Woman's Pride,754
IV. Close of the Century,Helen Hay,Love's Kiss,754
IV. Close of the Century,Helen Hay,Was there Another Spring,754
IV. Close of the Century,Helen Hay,Does the Pearl know?,754
IV. Close of the Century,Helen Hay,Sigh not for Love,754
IV. Close of the Century,George Sidney Hellman,Coleridge,755
IV. Close of the Century,George Sidney Hellman,The Hudson,755
IV. Close of the Century,Beatrix Demarest Lloyd,Love and Time,755
IV. Close of the Century,Beatrix Demarest Lloyd,With Roses,756
IV. Close of the Century,Beatrix Demarest Lloyd,Night-Wind,756
IV. Close of the Century - Additional Selections,Henry Holcomb Bennett,The Flag goes by,756
IV. Close of the Century - Additional Selections,Thomas Fleming Day,The Coasters,756
IV. Close of the Century - Additional Selections,Eugene Richard White,Of the Lost Ship,757
IV. Close of the Century - Additional Selections,Charles Augustus Keeler,Camilla,758
IV. Close of the Century - Additional Selections,Bertha Brooks Runkle,The Song of the Sons of Esau,758
IV. Close of the Century - Additional Selections,Julia Neely Finch,The Unborn,759
IV. Close of the Century - Additional Selections,Van Tassel Sutphen,Deep Waters,759
IV. Close of the Century - Additional Selections,Margaret Gilman Davidson,Moritura,760
IV. Close of the Century - Additional Selections,Harry Bache Smith,The Long Night,760
IV. Close of the Century - Additional Selections,Cora Fabbri,White Roses,761
IV. Close of the Century - Additional Selections,Katherine Miller,Stevenson's Birthday,761
IV. Close of the Century - Additional Selections,George Santayana,Sonnets: On the Death of a Metaphysician,761
IV. Close of the Century - Additional Selections,George Santayana,Sonnets: On a Piece of Tapestry,761
IV. Close of the Century - Additional Selections,Arthur Grissom,The Artist,762
IV. Close of the Century - Additional Selections,Clarence Hawkes,The Mountain to the Pine,762
IV. Close of the Century - Additional Selections,Edith Wharton,Experience,762
IV. Close of the Century - Additional Selections,Francis Brooks,Intaglios: Tennessee,763
IV. Close of the Century - Additional Selections,Francis Brooks,Intaglios: On the Plains,763
IV. Close of the Century - Additional Selections,Robert Loveman,Quatrains: A Diamond,763
IV. Close of the Century - Additional Selections,Robert Loveman,Quatrains: Spring,763
IV. Close of the Century - Additional Selections,Robert Loveman,Quatrains: March,763
IV. Close of the Century - Additional Selections,Robert Loveman,Quatrains: April,763
IV. Close of the Century - Additional Selections,Robert Loveman,Quatrains: A Sunset,763
IV. Close of the Century - Additional Selections,Robert William Chambers,The Recruit,764
IV. Close of the Century - Additional Selections,George Fauvel Gouraud,The Little Nipper an' 'is Ma,764
IV. Close of the Century - Additional Selections,Gouverneur Morris,Some Recent College Verse: D'Artagnan's Ride,765
IV. Close of the Century - Additional Selections,Charles Edward Thomas,Some Recent College Verse: To a Moth,765
IV. Close of the Century - Additional Selections,Percy Adams Hutchison,Some Recent College Verse: Methinks the Measure,766
IV. Close of the Century - Additional Selections,Joel Elias Spingarn,Some Recent College Verse: Helios,766
IV. Close of the Century - Additional Selections,James Naumberg Rosenberg,Some Recent College Verse: Darkness,766
IV. Close of the Century - Additional Selections,Philip Becker Goetz,Some Recent College Verse: Whither,766
IV. Close of the Century - Additional Selections,Algernon Tassin,Some Recent College Verse: Attainment,767
IV. Close of the Century - Additional Selections,Robert Louis Munger,Some Recent College Verse: God's Will,767
IV. Close of the Century - Additional Selections,Jeannette Bliss Gillespy,Some Recent College Verse: Cameos: A Valentine,767
IV. Close of the Century - Additional Selections,Jeannette Bliss Gillespy,Some Recent College Verse: Cameos: Forgiven,767
IV. Close of the Century - Additional Selections,John Erskine,Some Recent College Verse: The Song,767
IV. Close of the Century - Additional Selections,Eugene Howell Daly,Some Recent College Verse: Alpheus and Arethusa,767
IV. Close of the Century - Additional Selections,Russell Hillard Loines,Some Recent College Verse: On a Magazine Sonnet,768
IV. Close of the Century - Additional Selections,"Edward Augustus Blount, Jr.",Some Recent College Verse: A Crew Poem,768
IV. Close of the Century - Additional Selections,George Sidney Hellman,Some Recent College Verse: In a China Shop,768
IV. Close of the Century - Additional Selections,George Lynde Richardson,Some Recent College Verse: Classical Criticism,768
IV. Close of the Century - Additional Selections,Charles Edward Taylor,"Some Recent College Verse: For Sale, a Horse",768
IV. Close of the Century - Additional Selections,"Charles Edmund Merrill, Jr.",Some Recent College Verse: Persicos Odi,769
IV. Close of the Century - Additional Selections,Zitella Cocke,Miss Nancy's Gown,769
IV. Close of the Century - Additional Selections,Mary Berri Hansbrough,The Journey,769
IV. Close of the Century - Additional Selections,Caroline Wilder Paradise,Little Theocritus,770
IV. Close of the Century - Additional Selections,Mary Eleanor Wilkins,Now is the Cherry in Blossom,770
IV. Close of the Century - Additional Selections,Marguerite Merington,Hey Nonny No,771
IV. Close of the Century - Additional Selections,Grace Atherton Dennen,Gold-of-Ophir Roses,771
IV. Close of the Century - Additional Selections,Morris Rosenfeld,I know not why,772
IV. Close of the Century - Additional Selections,Elizabeth Green Crane,Gentian,772
IV. Close of the Century - Additional Selections,Margaret Fuller,Dryad Song,772
IV. Close of the Century - Additional Selections,Marie Van Vorst,Sing Again,773
IV. Close of the Century - Additional Selections,Joseph B. Gilder,The Parting of the Ways,773
Back Matter,,Biographical Notes,777
Back Matter,,Index of First Lines,837
Back Matter,,Index of Titles,855
Back Matter,,Index of Poets,873
